0,-0.35,-1.63,0.22,0.33,2.59,-7.19,-1.72,-1.89,0.02,9.84,9.53,-2.35,1.16,-0.12,0.01,-10.34,-6.9,17.31,-0.56,-1.62,0,8.59,15.39,6.61
0.009,-0.48,-2.98,0.45,8.3,0.46,-10.43,-2.01,-2.73,0.08,3.51,-1.29,8.89,1.39,-0.09,-0.02,-9.39,-7.63,12.17,-0.3,-1.72,-0.28,6.78,12.85,4.71
0.019,-0.39,-3.55,0.75,14.34,4.21,-5.21,-2.05,-2.09,0.07,1.42,4.88,7.48,1.65,0.11,0.01,-9.1,-8.59,6.28,-0.01,-2,-0.65,7.09,4.07,-1.9
0.029,-0.78,-3.46,0.64,11.14,6.94,9.93,-2.15,-1.67,-0.04,5.01,12.68,4.38,1.88,0.8,0.01,-9.32,-5.3,-9.42,0.17,-1.98,-0.76,7.15,-0.67,-6.67
0.039,-1.28,-3.29,0.45,8.25,6.42,11.35,-1.81,-1.19,-0.16,5.19,12.6,8.64,2.03,1.55,-0.1,-10.39,-5.94,-12.93,0.61,-1.37,-0.77,8,-2.45,-9.57
0.05,-1.2,-3.15,0.4,9.15,5.84,12,-1.21,-0.57,-0.19,3.26,9.76,7.01,1.62,2.04,-0.22,-10.5,-5.73,-13.92,0.92,-0.47,-0.8,7.88,-3.16,-7.84
0.059,-0.77,-2.59,0.34,8.56,5.34,12.93,-0.51,0.11,-0.09,6.4,10.3,4.8,1.32,1.75,-0.17,-8.42,-6.4,-13.64,0.69,0.1,-0.84,4.42,-3.2,3.6
0.069,-0.05,-1.27,0.09,5.53,6.59,11.85,0.17,0.68,-0.23,5.44,10.32,4.73,0.87,0.7,0.08,-1.89,-8.22,-13.56,0.1,0.33,-0.67,2.96,-5,4.48
0.079,0.59,0.05,-0.16,2.95,7.26,10.38,0.64,0.88,-0.21,4.44,10.34,2.47,0.4,-0.41,0.51,-0.12,-7.61,-13.6,-0.46,0.74,-0.37,4.8,-6.84,4.63
0.089,0.9,0.8,-0.19,3.1,6.82,10.11,0.89,0.82,-0.16,5.53,10.89,2.41,0.22,-0.83,0.66,0.12,-7.23,-14.44,-0.91,1.59,0.01,5.88,-8.15,5.76
0.099,1.06,1.13,-0.16,6.38,6.55,12.64,1.04,0.73,-0.12,6.82,11.19,3.21,0.09,-0.75,0.65,0.12,-7.23,-14.44,-1.31,2.56,0.45,3.81,-6.88,6.44
0.108,1.05,1.34,-0.13,7.19,6.96,14.8,1.37,0.83,-0.06,8.88,11.02,5.28,-0.25,-0.59,0.52,-1,-7.44,-14.27,-1.66,3.34,0.58,4.25,-3.77,4.84
0.118,0.82,1.44,-0.15,6.9,7.09,14,1.8,0.96,-0.1,8.96,9.56,5.65,-0.66,-0.53,0.42,-3.25,-6.25,-8.18,-1.81,3.9,0.61,5.78,-1.16,-3.85
0.128,0.8,1.68,-0.15,5.84,6.55,8.19,2.02,0.86,-0.17,8.39,8.11,3.63,-1.11,-0.68,0.36,-4.05,-7.11,-2.3,-1.43,4.55,0.88,7.8,6.94,-22.79
0.139,1,2.23,-0.11,7.3,2.74,2.8,2.2,0.63,-0.19,9.18,6.98,0.23,-1.66,-1.4,0.3,-6.21,-7.59,4.13,-0.83,4.76,0.84,0.11,17.95,-33.45
0.149,0.9,2.35,-0.17,7.48,2.47,0.76,2.41,0.49,-0.11,10.43,5.38,-1.98,-1.98,-2.55,0.35,-6.21,-7.59,4.13,-0.3,3.24,-0.04,-2.56,20.02,-39.04
0.158,0.8,2.11,-0.28,7.17,3.84,-1.34,2.15,0.39,-0.11,10.13,5.8,-2.4,-2.06,-3.39,0.58,-2.47,-9.56,11.85,-0.06,0.78,-0.6,-4.67,16.96,-37.75
0.168,0.76,1.99,-0.27,6.67,5.67,-1.54,1.46,0.35,-0.05,11.1,8.52,1.57,-2.07,-3.21,0.72,5.42,-10.15,4.42,-0.22,-0.76,-0.35,-6.67,7.67,7.57
0.179,0.65,1.79,-0.15,6.13,5.46,0.05,0.06,0.31,0.06,5.88,7.63,1.01,-2.12,-1.95,0.51,2.89,-15.68,0.05,-0.52,-0.89,-0.28,-2.43,6.53,19.18
0.188,0.37,1.35,-0.02,7.28,4.3,1.55,-0.29,-0.17,0.08,2.75,6.11,1.17,-2.34,-0.34,-0.12,-3.2,-16.2,5.82,-0.16,0.35,-0.23,4.8,4.15,10.15
0.199,0.04,0.94,0.06,9.07,3.9,1.89,0.05,-0.4,0.24,3.83,5.28,-0.09,-2.02,0.55,-0.57,-3.2,-16.2,5.82,0.89,1.97,0.15,6.26,7.88,-2.97
0.208,-0.34,0.75,0.1,7.73,4.11,-2.63,0.6,-0.01,0.2,2.93,4.13,-1.58,-1.27,0.49,-0.36,-7.98,-12.22,12.77,1.38,2.24,-0.11,5.07,17.06,1.04
0.218,-0.7,0.72,0.04,5.98,3.1,-5.28,1.01,0.4,0.01,0.09,4.13,-4.01,-0.62,-0.3,0.07,-5.78,-9.75,10.89,1.32,1.81,-0.23,5.51,9.78,2.48
0.228,-0.91,0.66,-0.06,4.65,1.49,-6.21,1.11,0.55,-0.16,-0.47,3.06,-5.63,-0.72,-0.71,0.05,-5.13,-10.55,11,1.17,1.22,-0.03,8.81,8.43,0.75
0.238,-1.03,0.51,-0.16,3.11,0.62,-9.27,0.97,0.61,-0.28,-0.93,2.28,-1.69,-1.09,-0.69,-0.08,-4.59,-9.02,9.77,1.06,0.74,0.03,8.96,9.81,0.99
0.248,-0.82,0.45,-0.13,3.83,0.85,-11.43,0.5,0.7,-0.16,-0.25,-0.12,4.96,-0.97,-0.42,-0.26,-4.59,-9.02,9.77,0.88,0.22,0.03,8.56,7.61,1.55
0.258,-0.47,0.54,0,4.38,0.87,-12.76,-0.16,0.93,-0.01,-0.82,-4.19,8.98,-0.63,0.06,-0.3,-5.78,-8.69,8.3,0.68,-0.38,0.1,9.14,7.86,1.66
0.267,-0.47,0.54,0,3.71,1.27,-13.6,-1.08,1.05,0.11,-0.33,-3.53,8.81,-0.15,0.48,-0.3,-8.11,-8.05,9.02,0.46,-1,0.18,9.51,9.69,0.93
0.278,0.13,0.55,0.07,-0.12,1.04,-16.5,-2.17,1.01,0.26,1.12,-3.8,11.31,0.42,0.76,-0.28,-8.69,-7.69,8.18,0.46,-1,0.18,8.65,11.03,0.62
0.288,0.33,0.34,0.1,-0.83,1.32,-16.31,-3.25,1.03,0.43,1.57,-3.19,8.23,0.82,1.06,-0.23,-9.11,-7.71,8.14,0.29,-1.5,0.13,7.73,10.11,1.22
0.299,0.26,0.03,0.2,-1.39,1.12,-15.14,-4.18,1.19,0.66,1.72,0.56,7.98,1.14,1.26,-0.21,-9.11,-7.71,8.14,0.25,-1.83,0,6.48,9.31,1.65
0.308,0.11,-0.44,0.26,-1.28,1,-14.53,-5.02,1.03,0.99,3.24,3.3,-2.77,1.55,1.23,-0.21,-9.53,-5.19,3.91,0.38,-1.92,-0.1,5,8.84,0.49
0.318,0.11,-0.44,0.26,2.53,6.84,2.78,-4.75,1.36,1.11,0.88,14.78,-20.39,1.67,1.11,-0.24,-5.71,-5.38,0.98,0.68,-1.72,-0.43,3.89,8.9,-1.33
0.328,-1.29,-1.65,0.06,3.31,6.88,8.68,-4.06,0.76,0.83,5.19,24.02,-36.13,1.48,0.87,-0.31,-4.36,-6.19,-0.83,0.68,-1.72,-0.43,5.44,9,-1.02
0.339,-2.38,-2.4,-0.12,4.32,5.76,15.44,-2.37,0.08,0.56,-0.51,22.29,-39.22,1.26,0.46,-0.3,-3.78,-7.44,-4.03,0.31,-1.55,-0.49,5.01,6.67,-3.45
0.349,-2.87,-2.9,-0.14,7,-1.02,14.5,-0.49,-0.2,-0.06,-4.71,21.14,-34.72,1.12,0.24,-0.19,-3.78,-7.44,-4.03,-0.19,-1.41,-0.45,6.61,2.5,-4.36
0.359,-2.36,-3.06,-0.12,8.18,-5.11,1.98,-0.3,-1.25,-0.26,4.96,11.72,-4.44,1.11,0.21,-0.07,-4.59,-6.88,-3.77,-0.19,-1.44,-0.35,6.28,1.69,-6.19
0.369,-0.75,-2.58,-0.08,13.47,-1.78,-1.45,-0.66,-1.17,-0.16,7.21,-2.7,26.2,1.01,0.22,0.02,-4.59,-7.05,-3.55,-0.32,-1.45,-0.19,6.67,0.23,-6.98
0.379,0.62,-1.35,0.06,16.54,5.63,5.25,-0.55,-0.18,-0.16,7.32,1.86,5.67,0.69,0.13,0.12,-5.55,-8.98,-3.69,-0.15,-1.13,-0.12,7.82,-0.37,-6.65
0.389,0.48,-0.32,0.15,6.69,9.19,19.43,0.24,0.56,-0.08,6.32,13.93,-6.07,0.39,0.03,0.16,-6.01,-9.34,-5.13,0.17,-0.68,-0.03,6.8,1.6,-4.88
0.398,0.48,-0.32,0.15,3.44,4.71,14.34,0.5,-0.08,-0.2,13.02,8.07,4.88,0.28,-0.06,0.23,-6.01,-9.34,-5.13,0.34,-0.22,0.02,5.57,2.04,-4.98
0.408,-0.65,0.19,-0.23,7.32,5.75,12.65,0.48,-0.71,-0.3,12.09,7.09,3.73,0.26,-0.17,0.33,-6.26,-9.06,-6.4,0.37,0.07,0.02,4.63,2.31,-2.95
0.417,-0.46,0.26,-0.53,10.47,4.09,15.52,1.07,-0.42,-0.42,13.5,8.56,2.22,0.16,-0.39,0.45,-3.51,-9.73,-6.4,0.24,0.23,-0.02,3.77,1.99,-0.27
0.428,-0.28,0.31,-0.29,11.4,2.64,15.43,1.48,-0.25,-0.65,12.26,9.72,4.09,0.01,-0.58,0.56,-3.39,-9.89,-6.21,-0.09,0.31,-0.03,4.3,0.17,3.01
0.438,-0.17,0.81,-0.1,13.89,4.69,16.73,1.69,-0.22,-0.76,9.8,11.35,5.94,-0.11,-0.42,0.57,-3.53,-9.52,-5.36,-0.47,0.5,0.04,4.51,0.41,1.63
0.449,-0.17,0.81,-0.1,13.93,6.11,15.77,1.98,-0.15,-0.78,10.75,11.05,5.8,-0.23,-0.11,0.54,-3.53,-9.52,-5.36,-0.72,0.9,0.21,4.75,1.27,-0.54
0.458,-0.35,1.28,-0.07,9.78,3.55,-2.09,2.28,0.02,-0.69,10.01,9.82,3.48,-0.39,0.03,0.5,-5.57,-7.8,3.78,-0.75,1.37,0.39,3.9,3.43,-6.36
0.468,-0.33,1.71,-0.06,5.8,3.45,-8.09,2.4,0.29,-0.66,8.05,8.03,0.27,-0.56,-0.17,0.45,-5.63,-7.32,8.22,-0.53,1.72,0.44,0,13.31,-17.57
0.478,1.49,3.36,0.01,1.97,3.21,-11.98,2.6,0.49,-0.62,2.82,2.24,-4.8,-0.6,-0.74,0.47,-3.71,-7.19,11,-0.28,1.55,0.29,-1.79,14.9,-18.87
0.489,1.68,3.15,-0.2,-1.36,2.94,-14.61,2.78,0.65,-0.47,1.26,1.23,-8.21,-0.54,-1.36,0.51,0.09,-9.71,8.48,-0.01,0.84,0.01,-2.75,15.85,-10.14
0.499,1.68,3.15,-0.2,-4.67,3.56,-16.21,2.23,0.56,-0.34,-1.15,0.63,-9.22,-0.51,-1.47,0.36,-0.6,-11.43,7.57,-0.05,-0.21,-0.14,0.33,10.85,5.78
0.508,0.94,1.58,-0.2,-3.99,2.23,-16.29,1.54,0.3,-0.18,-4.96,-0.77,-9.57,-0.54,-1.03,0.13,-3.08,-11.52,8.43,-0.3,-0.93,0.02,2.75,10.56,6.4
0.518,0.94,1.58,-0.2,-3.18,0.98,-16.13,0.68,-0.15,-0.08,-7.28,0.61,-9.6,-0.35,-0.46,-0.03,-5.19,-10.48,10.55,-0.34,-0.97,0.23,5.9,11.35,3.26
0.528,0.1,-0.58,0.21,1.33,1.95,-13.82,-0.23,-0.74,0.04,-6.76,2.96,-9.38,0.07,-0.03,-0.09,-9.14,-8.43,13.32,-0.03,-0.6,0.31,7.34,13.1,0
0.538,-0.17,-1.22,0.31,4.17,1.96,-10.6,-0.98,-1.01,0.14,-4.32,4.63,-7.17,0.51,0.12,-0.12,-8.97,-8.97,12.81,0.4,-0.16,0.26,8.78,15.6,2.04
0.549,-0.17,-1.22,0.31,6.3,2.47,-7.21,-1.38,-0.77,0.13,-2.82,7.65,-1.55,0.67,-0.02,-0.14,-8.3,-10.07,11.72,0.64,-0.02,0,8.89,14.65,3.49
0.558,-0.59,-1.96,0.26,7.51,3.5,-4.26,-1.38,-0.39,0.29,-0.67,9.17,0.17,0.6,-0.13,-0.16,-7.76,-10.57,10.64,0.64,-0.06,-0.17,10.46,13.8,5.69
0.568,-0.64,-1.93,0.17,7.53,5.01,0.51,-1.25,-0.03,0.28,2.4,9.76,0.56,0.52,-0.02,-0.09,-8.05,-10.27,10.06,0.27,-0.41,-0.15,8.18,11.59,2.5
0.578,-0.53,-1.69,0.04,7.55,4.86,2.29,-1.06,0.19,0.33,7.05,9.69,0.4,0.65,0.14,0,-6.69,-9.32,8.61,0.13,-0.79,-0.24,7.8,3.42,-1.45
0.588,-0.53,-1.69,0.04,7.96,4.28,3.75,-0.71,0.39,0.33,8.36,8.56,0.76,0.94,0.36,0.03,-3.55,-7.5,-3.7,0.43,-0.9,-0.34,6.38,1.88,-0.87
0.598,-0.39,-1.42,-0.11,7.71,3.66,5.21,-0.45,0.57,0.21,8.05,7.11,0.76,0.84,0.53,-0.13,-3.55,-7.5,-3.7,0.57,-0.74,-0.3,4.21,0.69,2.07
0.608,-0.27,-1.15,-0.16,7.88,3.32,7.44,-0.29,0.68,0.21,6.71,7.01,1.12,0.31,0.99,-0.38,-2.14,-8.81,-15.18,0.23,-0.58,-0.28,1.75,-5.21,15.84
0.618,-0.23,-0.91,-0.14,7.84,3.3,8.14,-0.16,0.6,0.24,8.88,8.44,1.15,0.57,1.51,-0.25,5.44,-4.82,-22.03,-0.55,-0.34,-0.26,-0.87,-10.46,17.35
0.628,-0.27,-0.75,-0.18,6.57,3.74,8.5,-0.08,0.61,0.12,8.11,8.77,0.87,0.54,2.05,0.08,0.79,-3.48,-19.92,-1.49,0.62,-0.14,-3.38,-14.4,12.03
0.638,-0.1,-0.32,0.06,5.19,3.98,9.32,-0.1,0.67,0.11,6.75,8.68,1.17,0.32,2.08,0.03,-3.7,-1.19,-12.4,-2.37,1.87,0.03,-2.14,-13.84,-1.63
0.649,-0.08,-0.18,0.18,4.78,4.09,10.06,0.05,0.66,0.08,6.17,7.8,1.76,0.2,1.34,-0.32,-11.93,-3.09,1.39,-2.91,2.38,0.48,3.32,7.84,-22.19
0.658,-0.08,-0.18,0.18,4,3.9,10.09,0.29,0.66,0.06,5.5,6.53,1.47,-0.09,0.56,-0.35,-12.43,-5.09,8.59,-2.84,2.65,1.01,10.4,22.07,-32.45
0.668,-0.07,-0.04,0.25,2.91,3.92,9.17,0.49,0.5,0.08,5.05,6.63,0.99,-0.5,-0.92,-0.05,-8.77,-6.96,13.35,-1.83,2.96,1.25,9.6,29.8,-39.04
0.678,-0.08,0.08,0.25,2.01,4.88,8.01,0.68,0.22,0.09,5.3,7.3,1.22,-0.74,-2.52,0.32,-6.75,-10.35,15.93,-0.43,2.52,0.65,1.22,17.73,-38.13
0.688,0,0.22,0.16,2.49,4.86,6.59,0.77,-0.07,0.1,5.4,7.78,0.87,-0.94,-3,0.44,-0.12,-11.55,4.05,0.25,0.84,-0.32,1.2,8.19,8.36
0.698,0.08,0.4,0.1,3.84,4.59,3.78,0.94,-0.32,0.15,5.63,7.71,-0.27,-1.26,-2.2,0.41,-0.3,-13,2.74,0.22,-0.09,-0.47,3.39,5.65,17.29
0.708,0.28,0.58,0.13,7.92,3.6,-1.79,0.98,-0.39,0.15,5.26,8.1,-1.45,-1.57,-0.92,-0.03,-3.11,-12.69,8.17,0.05,0.11,-0.27,8.59,4.8,13.34
0.718,0.61,0.74,0.26,9.02,3.2,-3.23,0.82,-0.35,0.14,4.69,7.11,-2.13,-1.23,-0.21,-0.24,-6.11,-9.68,14.71,0.3,0.83,0.06,6.94,12.1,-0.74
0.728,0.92,0.89,0.26,8.69,2.92,-3.94,0.76,-0.2,0.13,3.77,5.55,-3.16,-0.64,-0.41,-0.18,-7.13,-5.82,16.25,0.65,1.11,0.22,8.8,12.63,0.28
0.738,1.04,1,0.13,7.46,2.75,-3.41,0.65,-0.04,0.1,2.84,4.96,-3.18,-0.13,-0.99,-0.26,-5.67,-6.53,12.97,0.64,0.39,0.01,8.22,7.48,2.11
0.749,0.92,1.02,-0.01,4.82,1.89,-2.32,0.5,0.02,0.17,2.6,4.67,-3.33,-0.13,-0.99,-0.26,-4.84,-7.78,11.47,0.66,0,-0.18,6.28,8.51,2.36
0.758,0.72,0.99,-0.1,4.38,1.92,-1.26,0.5,0.02,0.17,3.34,4.69,-3.43,-0.26,-0.53,-0.22,-4.98,-8,9.18,0.57,-0.37,0.02,6.15,8.18,1.19
0.768,0.54,0.89,-0.02,4.63,2.47,-0.82,0.34,0.14,0.03,3.56,5.71,-2.4,-0.07,0.01,-0.16,-7.55,-5.51,6.11,0.59,-0.77,0.15,6.11,8.1,0.8
0.778,0.3,0.65,0.09,5.38,2.93,-0.89,0.33,0.17,-0.01,3.88,5.98,-2.4,0.24,0.51,-0.04,-9.14,-5.42,7.17,0.79,-0.8,-0.01,5.8,8.5,1.12
0.788,0.08,0.35,0.15,5.57,3.41,0.11,0.34,0.16,-0.05,4.09,6.25,-2.5,0.57,0.73,0.15,-11.77,-6.94,9.82,1.05,-0.59,-0.17,5.34,9.85,1.9
0.798,-0.02,0.17,0.17,5.57,3.41,0.11,0.36,0.15,-0.04,3.6,5.55,-1.94,0.97,0.6,0.31,-7.44,-4.88,-7.65,1.05,-0.6,-0.22,2.2,7.75,0.03
0.808,-0.13,0.11,0.14,4.19,2.85,-0.2,0.39,0.13,-0.03,3.25,5.07,-2.36,1.27,0.55,0.29,-4.51,-6.32,-8.96,1.07,-0.59,-0.43,2,4.42,-3.98
0.818,-0.21,0.05,0.1,4,2.25,0.34,0.42,0.14,-0.05,3.38,5.34,-2.95,0.59,0.57,0.19,-2.66,-4.76,-7.3,1.16,-0.27,-0.74,1.27,1.86,-7.48
0.828,-0.21,0,0.14,4.86,2.74,0.68,0.4,0.2,-0.04,3.75,5.94,-2.78,-0.06,0.03,0.07,-3.91,-4.09,-9.03,1.36,0.28,-0.95,1,-0.79,-9.89
0.838,-0.21,-0.06,0.23,5.61,3.46,1.12,0.4,0.29,-0.04,3.86,7.71,-1.12,-0.52,-0.41,-0.04,-3.29,-5.44,-7.48,1.52,0.87,-0.99,2.57,-1.98,-9.25
0.848,-0.16,-0.09,0.27,5.98,4.11,1.75,0.4,0.39,-0.07,3.73,8.81,-0.76,-0.52,-0.41,-0.04,-2.5,-6.92,-6.51,1.51,1.2,-0.87,3.95,-2.08,-7.88
0.858,-0.11,-0.06,0.32,6.94,4.57,3.3,0.41,0.5,-0.08,3.7,9.55,-0.23,-0.8,-0.87,-0.21,-2.58,-8.43,-5.94,1.4,1.4,-0.57,5.78,-1,-7.11
0.868,-0.07,0.01,0.32,7.36,4.63,4.11,0.5,0.68,-0.07,3.83,9.94,0.07,-1.37,-1.3,-0.4,-2.01,-10.02,-5.01,1.17,1.47,-0.28,9.68,1.5,-5.76
0.878,-0.05,0.09,0.29,7.84,4.71,4.98,0.56,0.88,-0.07,5.21,13.22,5.32,-1.35,-1.16,-0.4,-3.06,-12.39,-1.27,0.88,1.42,0,10.78,3.41,-3.9
0.888,-0.01,0.22,0.25,8.44,5.13,6.21,-0.29,1.08,0,6.67,17.57,7.9,-1.27,-0.92,-0.32,-4.34,-13.02,0.4,0.51,1.2,0.28,11.47,5.23,-2.83
0.899,0.08,0.43,0.17,8.11,5.69,6.69,-1.01,1.02,-0.05,4.32,11.84,0.15,-1.27,-0.92,-0.32,-5.48,-12.6,2.8,0.1,0.75,0.4,11.52,7.09,-1.8
0.908,0.23,0.72,0.08,7.09,6.55,6.63,-0.08,0.72,-0.04,5.17,6.15,1.03,-0.86,-0.19,0.05,-6.42,-12.18,5.15,-0.25,0.24,0.41,9.78,10.53,-0.55
0.918,0.42,1.1,0,5.23,8.59,6.13,0.8,1.1,0.18,2.42,4.94,0.11,-0.54,0.24,0.17,-5.28,-11.25,7.57,-0.51,-0.21,0.39,8.51,10.65,-0.12
0.928,0.64,1.55,-0.01,1.12,5.46,-4.73,1.59,1.56,0.11,-1.3,6.11,-0.28,-0.26,0.63,0.21,-4.8,-10.51,8.19,-0.58,-0.53,0.33,7.09,10.31,-0.28
0.938,0.79,2.15,-0.08,1.26,2.24,-7.98,1.55,1.31,0.02,-0.66,4.26,-2.25,0,0.88,0.18,-4.71,-9.51,8.59,-0.5,-0.7,0.29,5.78,10.88,-0.57
0.948,1.23,2.48,-0.16,1.26,2.24,-7.98,1.55,1.31,0.02,1.05,-0.91,-6.53,0,0.88,0.18,-4.53,-8.81,9.15,-0.36,-0.77,0.3,5.32,11.56,-0.36
0.958,1.52,1.86,-0.67,2.38,-0.09,-12.47,1.15,0.93,-0.01,0.92,-3.17,-9.22,0.21,0.97,0.08,-4.42,-8.57,10.81,-0.29,-0.84,0.37,5.09,12.27,0.25
0.968,1.52,1.86,-0.67,0.12,0.2,-11.61,0.41,0.78,-0.08,2.29,-4.26,-13.23,0.57,0.93,-0.11,-5.48,-8.52,11.56,-0.24,-0.99,0.45,5.13,13.26,1.07
0.978,1.08,1,-0.59,-2.89,0.28,-8.35,0.1,0.65,0.07,7.17,-0.95,-17.22,0.78,0.87,-0.03,-6.42,-8.6,12.34,-0.27,-1.27,0.5,6.36,15.3,2.76
0.988,1.08,1,-0.59,-2.02,0.89,-6.73,-0.27,0.07,0.3,10.26,-0.41,-10.97,1.08,0.69,0.07,-7.9,-8.77,13.81,-0.33,-1.61,0.59,7.17,15.68,5.11
0.999,0.54,0.17,-0.4,5.05,3.75,-3.74,-0.27,0.07,0.3,11.64,-0.34,-5.65,1.08,0.69,0.07,-10.73,-8.07,14.88,-0.46,-1.99,0.72,7.25,15.02,5.46
1.009,-0.05,-1.57,0.13,6.92,4.9,0.73,-1.37,-1.52,0.47,13.36,1.14,-2.25,1.9,0.73,0.23,-8.47,-7.46,5.69,-0.71,-2.32,0.65,6.63,12.88,5.94
1.018,-0.58,-2,0.27,7.98,5.98,5.21,-1.69,-2.05,0.49,14.02,7.55,1.91,1.63,1.33,0.17,-4.63,-7.67,-6.82,-0.77,-2.42,0.32,3.43,5.21,-1.73
1.029,-1.19,-2.34,0.29,8.85,6.28,8.9,-1.78,-2.46,0.43,13.31,9.53,4.63,1.24,1.68,0.11,-2.4,-8.06,-12.4,-0.57,-2.23,-0.02,2.59,0.97,-6.96
1.039,-1.76,-2.79,0.34,13.69,3.52,14.36,-1.57,-2.49,0.32,10.81,10.93,7,0.97,1.98,0.13,0.62,-7.09,-16.48,-0.47,-1.73,-0.23,0.79,-3.08,-11.93
1.049,-2.12,-3.08,0.5,16.97,2.44,15.65,-1.12,-1.98,0.13,8,12.03,8.47,0.6,1.87,0.11,1.26,-5.73,-16.7,-0.42,-1.12,-0.26,-2.92,-7.34,-17.02
1.059,-1.69,-1.97,0.63,17.89,2.13,16.73,-0.44,-1.04,-0.12,4.94,13.96,8.67,0.23,1.65,-0.07,0.86,-2.66,-15.21,-0.35,-0.51,-0.17,-4.48,-8.57,-17.15
1.069,-1.69,-1.97,0.63,15.96,3.15,17.29,0.28,-0.08,-0.33,4.36,13.28,8.77,-0.34,1.56,-0.31,-5.11,-3.75,-14.22,-0.39,-0.15,0,-4.53,-7.61,-16.09
1.079,-1.08,-0.85,0.49,8.77,4.07,15.22,0.85,0.64,-0.42,4.94,13.05,9.82,-0.61,1.4,-0.48,-6.76,-5.07,-12.34,-0.54,-0.05,0.22,-3.25,-2.86,-11.52
1.089,0.12,1.27,0.01,6.09,4.57,13.14,1.13,0.99,-0.35,8.02,10.31,6.84,-0.85,0.85,-0.33,-8.22,-5.96,-8.63,-0.73,-0.04,0.42,2.5,6.98,-2.83
1.1,0.12,1.27,0.01,3.98,5.48,10.14,1.42,1.01,-0.22,5.3,7.59,3.73,-1.17,0.09,-0.2,-9.47,-7.4,-3.73,-0.78,0.29,0.55,5.73,11.27,-1.02
1.11,0.46,2.51,-0.31,-0.68,7.71,5.3,1.64,0.78,-0.18,4.05,5.19,0.76,-1.32,-0.63,-0.13,-7.28,-12.35,5.4,-0.63,0.95,0.59,7.34,14.15,0.54
1.119,0.46,2.51,-0.31,-6.3,4.96,-4.88,1.59,0.22,-0.08,2.72,2.8,-3.08,-1.52,-1.46,0.01,-5.23,-13.77,9.43,-0.27,1.69,0.37,7.96,15.9,1.72
1.129,0.55,2.52,-0.28,-7.84,2.81,-15.27,1.37,-0.36,0.07,0.55,-1.44,-7.44,-1.5,-2.04,0.01,-4.61,-14.23,12.61,-0.05,1.92,0.03,6.65,12.89,3.25
1.139,1.25,1.78,-0.3,-5.11,2.63,-16.65,0.88,-0.82,0.11,-2.23,-2.75,-7.11,-1.29,-2.25,-0.03,-3.9,-14.43,14.9,-0.06,1.56,-0.06,7.03,12.68,3.16
1.15,0.92,0.75,-0.49,1.69,0.05,-17.29,0.04,-1.26,0.2,-4.73,-3.68,-4.26,-0.93,-2.1,-0.15,-2.45,-12,16.55,-0.16,0.94,0.08,7.46,12.46,2.73
1.16,0.42,-0.2,-0.43,1.63,-1.22,-18.43,-1.02,-1.61,0.37,-4.19,-5.4,0.46,-0.54,-1.63,-0.27,-2.69,-10.15,15.63,-0.18,0.41,0.17,7.25,12,1.61
1.17,0.23,-0.81,-0.21,-1.26,-0.89,-19.85,-2.18,-1.78,0.59,-2.08,-8.34,7.61,-0.19,-1.03,-0.35,-4.09,-8.64,15.59,-0.14,-0.03,0.24,7.21,12.11,1.83
1.179,0.23,-0.81,-0.21,0.03,-1.12,-21.06,-3.47,-1.91,0.77,-0.72,-9.21,10.64,0.21,-0.49,-0.36,-5.8,-7.8,16.5,-0.09,-0.58,0.27,6.9,12.77,2.49
1.19,0.03,-2.3,0.13,2.72,2.58,-12.47,-4.3,-1.8,1.02,-0.25,-7.92,-10.06,0.61,-0.11,-0.31,-8.22,-7.3,16.21,-0.16,-1.12,0.29,7.92,12.47,2.88
1.201,-1.49,-3.13,-0.02,4.23,5.67,-0.76,-3.92,-1.14,1,3.64,21.12,-35.27,0.86,0.18,-0.24,-6.69,-6.51,14.52,-0.04,-1.39,0.14,7.63,12.89,3.51
1.212,-3.12,-4.22,-0.19,4.26,7.26,6.67,-3.57,-2.13,0.71,11.39,23.2,-39.22,1.24,0.77,-0.33,-6.61,-7.3,11.05,0.08,-1.52,0.18,8.35,13.47,4.98
1.222,-3.52,-5.33,-0.02,10.43,-1.47,2.79,-2.28,-2.92,0.5,16.1,24.88,-23.48,1.63,1.39,-0.35,-6.3,-7.98,8.27,-0.01,-1.67,0.18,8,13.56,2.63
1.234,-2.54,-5.88,0.47,18.29,-5.03,-4.15,-1.21,-3.07,0.45,10.96,5.4,-0.07,1.86,1.81,-0.33,-3.43,-10.1,-0.03,-0.08,-1.83,-0.25,5.09,7.63,-1.91
1.248,-1.53,-5.08,0.47,24.51,-4.48,-4.48,-1.1,-2.33,0.37,4.34,6.32,3.67,1.84,2.25,-0.25,-2,-9.94,-1.84,-0.19,-2.07,-0.29,4.9,4.84,-4.11
1.26,-0.88,-1.86,0.14,12.64,3.54,16.29,-1.14,-1,0.06,6.69,13.68,-1.41,1.97,2.46,-0.18,-1.42,-9.67,-1.96,-0.37,-2.35,-0.18,4.98,1.52,-5.76
1.27,-0.88,-1.86,0.14,7.9,1.62,13.13,-1,-0.39,-0.07,5.84,13.15,3.07,2.2,2.82,-0.18,-4.78,-6.46,-10.82,-0.38,-2.46,-0.01,5.53,-0.83,-5.88
1.279,-0.57,-1.24,0.11,7.82,1.35,11.55,-0.39,-0.31,-0.15,5.23,9.31,2.44,2.04,2.66,-0.08,-5.03,-4.48,-14.71,-0.28,-2.19,0.08,4.61,-3.9,-5.94
1.291,0.41,-0.16,0.23,8.18,5.61,11.86,0.1,0.06,-0.47,6.61,11.84,3.39,1.38,1.85,0.13,-3.76,-4.03,-15.44,-0.22,-1.68,0.05,3.64,-5.48,-6.86
1.302,0.8,0.73,-0.03,6.13,6.15,11.81,0.66,0.36,-0.4,6.73,11.36,5.23,1,1.26,0.16,-1.12,-4.57,-13.46,-0.3,-1.13,0.04,2.38,-7.07,-7.38
1.313,0.96,1.34,-0.27,4.46,6.09,12.8,1.05,0.5,-0.4,7.11,9.64,4.28,0.86,1.5,0.05,-2.64,-5.57,-11.31,-0.56,-0.67,0.18,-0.23,-1.82,-18.93
1.325,0.88,1.61,-0.29,3.8,6.5,13.47,1.36,0.54,-0.41,8.35,10.77,6.73,0.25,0.63,-0.07,-9.05,-4.84,-5.23,-0.95,-0.64,0.75,0.63,4.23,-17.95
1.338,0.93,1.77,-0.2,3.96,6.09,7.36,1.53,0.46,-0.29,9.47,10.18,2.86,-0.25,0.01,-0.04,-6.65,-8.43,-3.23,-0.97,-0.92,0.96,0.88,9.77,-8.31
1.35,1.26,1.96,-0.16,4.86,5.3,1.4,1.37,-0.12,-0.14,6.78,4.46,-1.11,-0.77,-0.54,-0.07,-5.78,-10.69,0.56,-1.06,-1.07,0.8,4.23,8.02,1.74
1.362,1.46,2.1,-0.21,4.34,4.32,-5.61,1.7,0.01,-0.15,4.59,2.97,-3.9,-0.84,-0.79,-0.08,-5.78,-11.69,6.17,-1,-0.78,0.55,5.8,9.61,2.29
1.372,1.26,1.9,-0.36,1.98,3.13,-13.35,1.55,-0.04,-0.24,1.91,2.13,-7.57,-0.64,-1.01,0,-5.75,-11.51,11.18,-0.61,-0.07,0.49,6.15,14.8,3.09
1.383,0.81,1.32,-0.36,1.72,1.97,-14.35,1.23,-0.29,-0.13,1.42,0.77,-10.73,-0.46,-1.2,-0.03,-4.3,-12.64,15.75,-0.08,0.59,0.26,5.8,15.56,3.69
1.396,0.62,0.61,-0.1,1.38,0.93,-14.31,0.69,-0.63,-0.04,-0.2,-0.4,-11.82,-0.28,-1.22,-0.16,-2.41,-12.1,15.86,-0.09,0.27,0.02,6.73,14.13,3.08
1.408,0.38,-0.22,0.19,3.35,1.55,-12.68,0.05,-0.92,0.12,-0.54,0.72,-9.77,-0.05,-0.91,-0.21,-2.59,-11.14,15.32,-0.11,-0.17,0.02,7.55,12.89,2.63
1.417,0.1,-1.09,0.37,6.42,1.3,-11.17,-0.47,-1.04,0.23,-0.31,2.63,-7.84,0.52,0.1,-0.37,-3.58,-9.82,12.13,-0.15,-0.68,0.16,9.85,10.31,1.19
1.428,-0.24,-1.59,0.4,7.84,2.54,-6.03,-0.83,-1.03,0.19,1.87,6.78,-2.67,0.83,0.67,-0.36,-4.17,-8.97,10.18,-0.28,-1.24,0.2,9.27,8.52,0.34
1.441,-0.69,-1.95,0.33,8.14,2.98,-1.15,-0.95,-0.52,0.1,2.43,7.53,-1.28,1.05,1.19,-0.22,-5.76,-9.56,10.77,-0.19,-1.44,0.23,8.38,7.01,-0.72
1.453,-0.75,-1.99,0.24,8.46,3.36,0.87,-0.73,-0.12,0.08,3.21,7.96,-0.25,1.7,1.61,-0.1,-5.84,-9.14,10.21,-0.16,-1.68,0.49,8.31,5.32,-1.3
1.464,-0.69,-1.78,0.16,8.31,3.73,2.82,-0.41,0.22,0.09,5.71,8.34,0.75,1.77,2.31,-0.12,-3.16,-6.55,-7.05,-0.26,-1.85,0.57,6.84,-1.45,-2.19
1.476,-0.59,-1.44,0.15,6.76,4.65,5.67,-0.09,0.5,0.09,6.53,7.94,0.87,1.51,2.92,-0.01,-2.88,-7.44,-11.98,-0.39,-1.65,0.55,6.13,-2.61,-0.85
1.49,-0.44,-0.82,0.2,4.96,4.84,7.19,0.38,0.67,0.09,6.8,8.18,0.64,1.6,2.66,0.1,-2.31,-6.51,-10.1,-0.65,-1.43,0.67,5.46,-4.23,0.91
1.502,-0.36,-0.59,0.19,3.95,4.69,7.94,0.44,0.57,0.05,6.75,8.48,0.87,1.26,2.31,0.15,-4.26,-3.41,-11.67,-1.07,-1.19,0.86,3.31,-5.78,2.69
1.513,-0.31,-0.36,0.19,3.19,5.17,10.06,0.53,0.42,0.05,6.94,9.06,1.41,0.91,2.14,0.08,-5.23,-3.49,-9.77,-1.52,-0.92,1.02,2.31,-2.69,-11.22
1.525,-0.36,-0.18,0.18,3.48,5.57,12.02,0.63,0.3,0.06,7.19,9.72,2.66,0.68,1.14,-0.04,-6.63,-3.45,-0.8,-1.88,-0.56,1.36,-0.56,8.52,-25.77
1.539,-0.51,-0.05,0.15,4.07,7.28,15.63,0.91,0.23,0.13,10.03,11.72,5.76,0.4,0.65,0.03,-6.26,-6.28,2.71,-1.6,-0.87,1.23,-0.57,14.84,-22.7
1.552,-0.87,0.33,0.08,3.89,8.6,15.72,1.57,0.21,0.27,10.55,11.35,6.05,0.01,0.46,0.13,-5.23,-7.94,-1.34,-1.23,-1.58,1.06,-2.75,17.12,-6.94
1.563,-0.58,0.42,0.03,3.7,6.15,11.77,1.77,0.03,0.29,10.06,9.77,4.9,-0.42,0.76,0.06,-6.23,-10.3,-2.44,-1.12,-1.76,0.7,2.03,9.13,2.38
1.575,0,0.61,0.06,5.07,4.71,7.48,1.86,-0.25,0.35,9.47,8.63,2.06,-0.38,0.36,0.06,-10.35,-7,9.25,-0.43,-0.61,0.61,3.81,14.14,-2.32
1.589,0.47,0.95,0.02,6.92,5.9,-2.96,1.7,-0.47,0.47,9.38,12.14,7.8,-0.47,-0.4,0.05,-8,-7.03,10.55,0.56,0.86,0.43,1.82,16,-0.02
1.602,0.71,1.18,-0.33,5.92,5.38,-4.13,-0.42,-1.12,0.44,-0.46,2.36,-4.17,-0.82,-0.86,-0.09,-5.4,-7.82,9.38,1.16,1.86,0,1.22,12.69,1.44
1.613,0.69,1.04,-0.4,4.3,4.38,-5.53,0.05,-1.52,0.36,-2.24,1.02,-7.28,-1.08,-0.95,-0.33,-4.03,-8.01,7.36,1.43,2.22,-0.37,8.8,10.21,-0.66
1.625,0.62,0.69,-0.34,0.68,3.08,-7.69,0.21,-1.72,0.35,-2.52,2.17,-8.3,-0.68,-0.76,-0.57,-3.06,-9.8,8.19,1.47,1.82,-0.24,9.88,8.96,-0.09
1.64,0.33,0.3,-0.33,-0.4,4.01,-12.42,-0.22,-2.25,0.31,-1.75,1.13,5.9,-0.36,-0.47,-0.5,-2.67,-10.01,8.22,1.22,1.25,-0.08,10.71,6.88,-0.27
1.653,-0.91,-0.67,-0.26,4.36,1.48,-12.93,-1.23,-2.48,0.39,-5.53,-0.31,7.8,0.06,0.1,-0.43,-4.84,-9.77,8.03,0.77,0.49,0.12,11.05,7.98,-0.25
1.664,-1.62,-1.25,-0.33,4.73,1.38,-10.77,-1.94,-2.52,0.2,-5.19,-0.51,5.42,0.62,0.8,-0.37,-6.57,-9.84,7.61,-0.14,-1.19,0.45,10.76,10.18,-0.14
1.677,-2.05,-1.59,-0.42,2.73,2.54,-9.47,-2.74,-2.62,0.13,-3.38,0.3,5.78,1.42,1.69,-0.1,-7.57,-8.78,5.78,-0.44,-1.81,0.51,7.57,9.98,-0.66
1.692,-1.69,-2.07,-0.15,2.28,1.52,-11.98,-3.64,-1.79,0.5,-1.3,-0.89,0.6,1.62,1.89,0,-7.65,-7.84,2.51,-0.53,-2.17,0.54,7.09,9.89,-0.55
1.703,-1.76,-2.44,-0.05,2.5,1.54,-9.97,-3.88,-1.3,0.81,-0.46,0.89,-3.36,1.76,1.99,0.02,-6.5,-7.76,-1.42,-0.47,-2.24,0.34,5.53,9.01,-0.85
1.714,-2.08,-2.92,-0.11,2.63,3.29,-6.07,-3.98,-1.12,1.02,2.78,11.23,-19.36,1.71,1.89,0,-3.77,-5.78,-4.69,-0.08,-1.7,0,1.08,3.88,-7.78
1.727,-2.62,-3.33,-0.22,3.61,5.32,-1.8,-3.57,-0.88,1.05,3.47,19.32,-35.13,1.2,1.63,-0.2,-4.05,-5.88,-7.21,0.03,-1.4,-0.01,0.87,2.69,-7.53
1.742,-2.99,-4.07,-0.18,9.61,3.52,7.9,-1.4,-1.47,0.42,5.9,19.67,-39.15,0.94,1.48,-0.33,-4.61,-5.69,-7.03,0.09,-1.08,0.04,1.87,1.78,-7.48
1.754,-2.46,-4.34,-0.21,11.14,0,5.65,-0.54,-1.95,0.27,8.15,5.36,2.73,0.71,1.28,-0.4,-5.55,-5.61,-6.78,0.03,-0.73,0.15,5.36,0.55,-6.96
1.764,-1.38,-4.17,-0.11,17.14,-0.62,-2.23,-0.47,-2.07,0.32,6.61,-2.01,13.19,0.5,1.11,-0.43,-5.19,-7.15,-7.15,-0.39,-0.23,0.42,7.17,0.43,-7.34
1.777,-0.57,-3.32,0.08,17.98,2.42,2.13,-0.54,-1.36,0.3,6.19,0,9.76,-0.08,0.81,-0.4,-6.19,-7.55,-5.96,-0.47,-0.02,0.46,7.36,0.76,-6.88
1.792,-0.58,-1.33,-0.09,13.14,4.09,12.14,-0.29,-1.03,0.31,15.18,10.81,3.5,-0.19,0.74,-0.37,-7.69,-8.4,-3.05,-0.53,-0.03,0.54,9.64,4.9,-3.48
1.803,-0.48,-0.82,-0.08,10.93,4.42,11.43,-0.15,-1.13,0.25,13.13,9.31,4.5,-0.16,0.59,-0.22,-9.65,-9.5,0,-0.7,-0.2,0.74,10.64,8.81,-1.53
1.814,-0.29,-0.44,-0.01,11.38,5.36,12.34,0.39,-0.67,-0.05,12.02,11.13,3.27,-0.2,0.29,0.04,-9.84,-11.39,4.34,-1.05,-0.54,0.79,11.21,14.72,-0.87
1.826,-0.2,0,0,11.89,5.59,13.11,0.73,-0.3,-0.31,12.22,10.65,5.38,-0.1,-0.01,0.39,-7.59,-12.32,8.14,-1.22,-0.76,0.65,7.46,14.09,0.72
1.842,-0.25,0.87,0,7.98,4.32,7.34,1.05,-0.06,-0.32,8.39,8.15,4.69,0.11,0.02,0.38,-6.59,-11.69,9.85,-1.37,-1.05,0.53,6.57,13.61,0.68
1.853,0.39,1.28,0.01,6.92,3.58,-0.43,1.08,-0.28,-0.19,7.59,7.07,2.72,0.38,0.07,0.3,-3.7,-10.63,12.13,-1.37,-1.18,0.54,6.69,14.05,2.01
1.864,0.89,1.67,0.03,6.28,1.77,-6.71,0.66,-0.55,0.01,3.57,2.17,-5.69,0.7,0.13,0.18,-3.23,-10.27,12.88,-1.9,-1.33,0.64,2.59,10.14,1.25
1.876,1.49,1.99,-0.05,5.48,-0.95,-14.36,0.9,-0.53,0.05,2.24,-1.25,-11.67,1.5,0.58,-0.04,-2.2,-8.43,11.77,-1.52,-1.64,0.62,3.84,7.78,0.5
1.891,1.49,1.7,-0.32,-0.99,-1.53,-15.07,0.86,-0.37,-0.06,-5.94,-4.28,-14.56,1.7,1.21,-0.13,0.2,-6.67,2.52,-1.16,-1.93,0.59,4.48,6.21,-0.56
1.903,1.25,1.04,-0.03,-4.19,-0.98,-13.93,0.16,-0.56,0.04,-8.1,-2.35,-13.43,1.77,1.8,-0.25,0.49,-6.11,-0.28,-0.92,-2.01,0.57,3.4,3.21,-3.96
1.914,0.82,0,0.32,-5.28,3.03,-10.06,-0.43,-0.98,0.03,-6.32,2.36,-10.55,1.76,2.35,-0.43,-4.38,-5.5,-8.02,-0.96,-2.21,0.77,2.54,1.05,-5.75
1.926,0.14,-1.19,0.57,-3.39,4.98,-7.9,-1.05,-1.42,0,-4.11,5.17,-6.48,1.55,3.12,-0.58,-5.44,-4.59,-9.53,-1.09,-2.31,0.76,2.09,1.05,-6.65
1.942,-1.32,-2.69,0.64,5.82,7.63,3.69,-1.6,-1.72,0.01,1.88,12.68,3.02,1.38,3.21,-0.47,-6.5,-3.04,-9.19,-1.19,-2.24,0.79,1.3,1.44,-8.48
1.954,-1.75,-2.97,0.55,8.38,8.25,6.82,-1.47,-1.51,0.08,4.61,14.77,5.05,1.07,3.07,-0.36,-8.52,-2.04,-8.8,-1.24,-2.05,0.81,2.35,3.1,-7.03
1.965,-1.77,-2.96,0.35,10.6,7.71,9.72,-0.85,-0.83,0.38,6.5,16.03,6.15,0.76,2.71,-0.28,-11.86,-4.82,-5.23,-1.02,-1.25,0.61,3.32,4.44,-5.32
1.977,-1.45,-2.4,0.16,11.75,7.34,11.97,0.1,-0.02,0.41,7.92,11.07,5.26,0.2,1.39,-0.13,-12.52,-6.09,-2.43,-0.79,-0.67,0.49,6.13,8.28,-2.14
1.992,-0.78,-0.98,-0.08,5.65,6.03,13.35,1.22,0.88,0.07,9.31,10.3,5.55,-0.09,0.62,0,-11.32,-6.78,0.37,-0.55,-0.04,0.38,6.67,10.31,-1.45
2.003,-0.76,-0.72,-0.17,5.15,5.42,12.6,0.97,0.79,0,10.39,12.82,7.05,-0.34,0.08,-0.02,-8.97,-10.63,4.25,-0.28,0.51,0.28,6.82,11.57,-1.26
2.014,-0.78,-0.49,-0.3,6.05,5.88,12.26,0.33,0.18,-0.03,9.17,11.14,6.4,-0.51,-0.26,-0.05,-6.98,-11.06,5.96,-0.12,0.74,0,6.07,10.78,-0.81
2.026,-0.96,-0.28,-0.28,4.63,6.69,8.23,0.12,-0.67,0,9.18,6.07,2.22,-0.61,-0.57,-0.08,-3.39,-10.34,7.8,-0.22,0.53,-0.02,4.88,9.42,-0.75
2.041,-0.33,0.27,-0.34,2.8,2.32,-2.14,0.18,-1.29,0.16,4.21,2,-5.59,-0.55,-0.54,-0.17,-2.78,-9.47,9.09,-0.34,0.17,0.1,4.88,9.06,-0.77
2.053,0.03,0.56,-0.41,3.48,0.99,-7.11,0.45,-1.52,0.23,2.29,1.86,-7.3,-0.38,-0.4,-0.24,-3.03,-8.21,7.63,-0.34,-0.14,0.17,4.32,8.97,-0.64
2.064,0.34,0.74,-0.43,3.32,1.63,-8.26,0.29,-1.64,0.27,0.14,1.14,-8.17,-0.28,-0.14,-0.26,-3.42,-7.25,5.8,-0.03,-0.35,0.18,3.38,9.18,-1.94
2.075,0.38,0.62,-0.41,2.93,1.77,-8.13,0.05,-1.73,0.26,-0.77,0.74,-7.4,0.15,0.3,-0.34,-6,-6.96,2.96,0.07,-0.37,0.11,3.16,9.6,-1.69
2.09,0.33,0.29,-0.35,2.8,2.36,-8.1,-0.34,-1.8,0.27,-0.68,0.38,0.97,0.28,0.38,-0.35,-6.11,-6.96,2.57,0.19,-0.33,0.03,4.48,8.61,-2.33
2.103,0.14,-0.47,-0.12,3.04,2.38,-8.32,-1.08,-1.38,0.42,-0.31,0.62,3.17,0.43,0.43,-0.33,-6.84,-6.88,3,0.34,-0.23,-0.03,5.59,8.52,-2.3
2.114,-0.05,-0.75,-0.03,3.24,2.74,-8.22,-1.51,-1.21,0.49,-0.27,0.34,6.21,0.48,0.44,-0.29,-6.8,-6.63,3.38,0.43,-0.16,0.04,8.3,7.57,-1.69
2.125,-0.25,-0.91,-0.03,3.51,2.77,-8.92,-1.93,-1.05,0.53,-0.37,1.22,6.69,0.58,0.49,-0.32,-7.69,-7.65,3.92,0.48,-0.28,0.08,9.47,8.05,-1.59
2.137,-0.37,-1.06,-0.06,3.39,3.05,-8.82,-2.4,-0.97,0.52,-0.18,0.93,7.3,0.78,0.57,-0.17,-7.73,-7.51,4.38,0.52,-0.38,-0.03,9.43,8.1,-1.73
2.152,-1.36,-1.61,-0.23,4.09,6.71,2.29,-2.57,-0.81,0.57,6.44,17.69,-25.31,0.82,0.5,-0.12,-7.36,-7.53,4.73,0.48,-0.47,-0.04,8.89,8.13,-1.75
2.164,-2.35,-2.31,-0.46,3.26,7.21,5.96,-1.94,-1.37,0.43,10.19,14.44,-33.93,0.87,0.46,-0.11,-5.88,-9.1,5.84,0.3,-0.96,0.1,8.72,10.84,-1.04
2.176,-2.58,-2.99,-0.47,6.11,5.21,4.51,-0.83,-1.66,0.32,12.22,16.47,-27.4,1.24,0.71,-0.03,-6.15,-10.89,7.61,0.24,-1.17,0.2,8.93,12.73,-1.08
2.191,-1.1,-3.72,-0.03,13.31,-1.04,-7.8,-0.2,-2.05,0.26,4.5,-3.01,6.57,1.48,0.74,0.01,-5.8,-11.63,8.72,0.11,-1.37,0.26,8.77,14.77,-0.62
2.204,-0.47,-2.84,0.07,14.92,1.11,-0.56,-0.41,-1.54,0.28,2.75,2.31,-1.65,1.76,0.73,0.01,-6.5,-13.01,9.94,-0.17,-1.61,0.32,8.55,17.65,4.73
2.214,-0.3,-1.89,-0.01,11.27,3.74,2.54,-0.4,-1.22,0.22,6,8.18,-6,2.02,0.67,0,-7.19,-13.5,9.55,-1.32,-2.13,0.33,5.46,12.77,2.64
2.226,-0.16,-1.69,-0.06,9.32,3.8,1,-0.56,-1.49,0.18,6.71,7.09,-0.67,2.36,0.67,0.09,-6.75,-9.82,-1.32,-0.8,-2.62,0.03,5.44,6.63,-1.82
2.241,-0.21,-1.84,0.07,11.19,1.07,2.89,-0.72,-1.57,0.08,5.57,8.68,-1.25,2.17,0.83,0.05,-5.63,-8.25,-5.21,-0.89,-2.64,-0.23,4.88,-0.1,-4.61
2.254,0,-1.47,0.32,12,1.12,4.09,-0.35,-0.57,-0.23,5.69,9.85,0.4,1.84,0.92,-0.07,-3,-5.63,-10.47,-0.95,-2.62,-0.1,2.26,-8.82,-6.84
2.264,0.24,-0.89,0.19,11.09,2.08,5.07,-0.09,-0.11,-0.24,3.27,9.52,1.8,1.24,1.15,-0.23,0.8,-3.41,-16.32,-1.21,-1.93,0.08,-2.39,-13.34,-5.65
2.276,0.51,-0.12,0.19,8.18,4.98,6.71,0.24,0.17,-0.21,4.59,9.94,2.38,1.16,1.99,-0.49,-0.57,-1.99,-17.82,-1.62,-1.55,0.18,-4.11,-14.53,-7.17
2.289,0.72,0.47,0.23,5.4,6.82,7.07,0.5,0.5,-0.23,5.84,10.89,2.03,0.79,2.24,-0.61,-3.1,-0.62,-17.63,-2.12,-1.37,0.5,-2.22,-13.5,-10.44
2.303,1,1.08,0.27,1.69,9.25,7.23,0.77,0.8,-0.16,6.78,11.15,1.85,0.38,2.06,-0.62,-5.65,0.11,-15.84,-2.4,-1.06,0.84,5.28,-1.96,-28
2.314,0.95,1.05,0.23,2.72,8.39,7.69,0.89,0.77,-0.05,6.36,10.59,2.24,0.01,1.74,-0.57,-9.84,-4.01,-6.57,-1.6,-0.12,1.17,8.84,7.21,-25.38
2.325,0.71,0.88,0.12,2.95,7.51,8.28,0.98,0.66,0.03,6.32,10.06,2.74,-0.6,0.64,-0.2,-12.28,-6.78,-4.28,-0.89,0.31,1.18,8.3,17.31,-6.42
2.337,0.4,0.67,-0.03,2.6,6.63,9.23,0.81,0.46,0.11,7.42,11.86,4.88,-1.23,0.15,0.01,-11.18,-10.64,-2.1,-0.8,0.5,0.59,7.96,7.69,8.93
2.352,-0.24,0.67,-0.08,3.61,7.92,6.34,0.31,0.23,0.16,7.4,6.55,3.66,-1.37,-0.26,0.22,-10,-13.57,9.47,-0.84,0.73,0.14,7.61,15.76,2.76
2.364,-0.37,0.72,-0.09,3.73,5.98,0.69,0.61,-0.42,0.15,7.38,4.88,0.88,-1.15,-0.58,0.28,-9.4,-13.15,15.05,-0.25,1.42,0.2,5.65,17.36,3.07
2.375,-0.25,0.56,-0.22,3.56,4.57,-3.25,0.79,-0.65,0.25,4.96,3.3,-4.92,-0.86,-0.92,0.19,-4.32,-11.47,19.67,-0.03,1.23,0.05,4.34,14.17,3.24
2.386,0,0.57,-0.39,4.59,2.94,-7.25,0.77,-0.88,0.28,3.5,2.02,-6.71,-0.62,-1.05,-0.18,0.54,-10.89,17.45,0.05,0.79,0.01,4.28,13.6,1.97
2.401,0.04,0.49,-0.49,3.74,2.4,-7.51,0.66,-1.11,0.26,-0.75,2.58,-6.46,-0.5,-0.56,-0.47,1.16,-10.5,14.55,-0.04,0.14,0.11,2.93,12.75,1.15
2.414,-0.28,-0.32,-0.37,3.56,1.49,-4.88,0.11,-1.29,0.37,-0.99,5.38,-3.83,-0.25,0.19,-0.67,1.03,-9.68,10.96,-0.09,-0.59,0.3,2.79,7.63,-2.11
2.425,-0.48,-0.84,-0.19,4.61,0.57,-3.95,-0.54,-1.35,0.32,-0.8,5.8,-5.34,-0.13,1.01,-0.74,-6.48,-6.8,1.66,0.07,-0.49,0.36,2.82,7.69,-2.31
2.436,-0.55,-1.16,-0.04,4.9,0.85,-3.24,-0.82,-1.47,0.28,-1.49,4.42,-8.23,0.42,1.66,-0.63,-7.05,-5.55,1.12,0.23,-0.43,0.34,3.68,7.8,-2.07
2.451,-0.57,-1.28,0.01,3.02,2.2,-2.16,-0.68,-1.64,0.13,-1.42,5.57,-3.69,0.63,1.59,-0.47,-6.84,-4.96,0.64,0.32,-0.42,0.19,7.32,5.46,-3.08
2.464,-0.78,-1.36,-0.02,3.48,3.16,-2.35,-0.56,-1.68,0,-0.2,4.17,1.59,0.91,1.5,-0.34,-6.51,-5.09,1.19,0.48,-0.36,0.19,8.22,5.44,-2.5
2.475,-1.12,-1.32,-0.06,4.26,3.8,-3.52,-0.55,-1.33,0.01,1.33,1.87,4.28,1.03,1.37,-0.21,-9.71,-4.51,4.09,0.5,-0.46,0.2,8.89,5.76,-1.95
2.486,-1.37,-1.23,-0.09,4.01,3.38,-6.4,-0.52,-0.88,0.22,3.21,-1.82,7.82,1,0.83,-0.03,-10.02,-5.36,5.01,0.49,-0.69,0.17,10.05,7.92,-0.86
2.501,-1.24,-1.18,-0.22,3.49,0.37,-11.1,-0.75,-0.59,0.4,2.73,-7.21,9.97,1.1,0.64,0.02,-7.86,-7.88,8.51,0.46,-0.99,0.17,9.77,11.01,0.31
2.514,0.05,-0.89,-0.23,4.59,-1.11,-16.51,-1.29,-0.37,0.59,-0.5,-5.53,-25.7,1.27,0.51,0.05,-6.92,-9.07,9.22,0.3,-1.72,0.19,9.43,12.14,1.37
2.525,0.12,-0.75,-0.02,2.23,2.35,-4.38,-1.42,1.14,0.95,2.19,10.51,-31,1.5,0.47,0.03,-7.98,-10.51,9.82,0.01,-2.03,0.24,8.81,14.05,3.41
2.536,-0.53,-1.14,-0.12,2.25,3.54,1.38,-1.47,0.19,0.8,6.55,13.22,-39.22,1.98,0.31,0.02,-10.02,-9.09,2.79,-0.27,-2.43,0.26,6.34,12.73,2.97
2.551,-0.82,-1.89,-0.16,3.29,2.79,2.66,-1.29,-1.3,0.39,10.76,22.78,-32.63,1.6,0.25,0.05,-7.21,-8.23,1.26,-0.18,-2.69,0.07,4.88,3.96,-6.15
2.564,0.15,-2.99,0.7,20.71,4.48,-3.59,-1.62,-2.81,0.33,2.46,0.14,8.22,1.31,0.6,-0.03,-4.34,-9,-2.54,-0.16,-2.02,-0.47,2.75,0.62,-8.28
2.575,0.18,-2.46,0.95,17.92,7.8,7.17,-1.73,-1.92,0.19,7.13,11.68,0.97,1.24,0.91,-0.14,-1.99,-6.96,-10.35,-0.18,-1.62,-0.22,2.29,-3.14,-10.01
2.586,-0.49,-2.02,0.78,12.6,8.11,15.52,-1.88,-1.74,0.11,10.97,16.7,6.23,0.64,1.01,-0.22,-3.43,-5.34,-12.8,-0.21,-1.42,-0.02,2.14,-6.03,-11.38
2.602,-1.01,-2.08,0.47,9.72,10.28,18,-1.32,-1.37,0.02,9.27,14.23,7.69,0.34,1.14,-0.37,-4.17,-4.46,-16.04,-0.28,-1.21,0.02,1.75,-8.88,-14.23
2.614,-0.47,-1.41,0.27,12.1,9.05,19.53,-0.28,-0.54,-0.03,11.64,15.26,5.92,0.02,1.23,-0.39,-3.81,-4.09,-16.62,-0.46,-0.47,0.15,1.87,-8.39,-14.77
2.625,-0.12,-0.54,-0.16,11.77,7.78,19.95,1.28,0.94,-0.27,9.09,15.67,8.89,-0.28,1.31,-0.36,-7.94,-5.96,-12.46,-0.49,-0.02,0.27,2.45,-5.71,-13.19
2.636,0.05,0.27,-0.47,9.68,8.71,20.29,1.79,1.19,-0.43,12.43,15.6,9.97,-0.88,0.93,-0.1,-10.84,-7.28,-9.26,-0.54,0.42,0.35,5.09,4.23,-5.03
2.652,-0.23,0.9,-0.47,6.86,12.26,18.42,1.97,1.11,-0.36,16.14,18.02,16,-1.21,0.38,0.05,-12.67,-8.97,-4.94,-0.59,0.82,0.34,9.14,11.68,-0.05
2.664,-1.2,2.01,-0.23,4.23,13.85,15.01,1.59,0.64,-0.32,9.81,2.99,5.05,-1.53,-0.36,0.21,-11.56,-10.77,4.51,-0.16,1.85,0,5.63,13.36,1.73
2.675,-0.87,2.52,-0.16,-0.58,6.82,-10.46,1.81,-0.43,-0.15,5.38,-0.2,-3.43,-1.78,-1.19,0.29,-4.13,-13.52,13.23,0.13,2.08,-0.23,4.26,14.39,1.66
2.686,-0.08,2.54,-0.32,-0.37,1.66,-16.56,1.81,-0.62,0.14,-0.87,0.21,-6.98,-1.58,-1.98,0.15,-0.66,-14.34,16.5,0.34,1.98,-0.31,3.49,15.3,1.82
2.701,0.68,2.36,-0.59,5.42,-0.87,-21.86,1.37,-0.88,0.11,-3.92,-6.09,11.56,-1.1,-1.85,-0.03,0.36,-13.07,18.71,0.45,1.57,-0.24,4.07,16.11,2
2.714,0.63,1.52,-0.92,0.93,-2.18,-21.53,-0.09,-1.19,0.28,-5.36,-15.68,17.19,-0.54,-1.5,-0.27,0,-12.81,18.39,0.38,0.38,0.17,4.15,16.14,1.63
2.725,-0.17,0.43,-0.69,-3.16,-1.83,-19.9,-2.79,0.37,1.07,-4.82,-9.6,16.43,-0.06,-0.89,-0.39,-1.09,-11.68,16.36,0.13,-0.44,0.34,5.15,15.09,1.28
2.736,-0.38,-0.37,-0.19,-1.45,-2.93,-18.6,-4.46,0.44,1.16,-3.61,-0.4,9.56,0.97,0.98,-0.65,-6.3,-7.23,11.77,-0.08,-1.09,0.49,5.86,13.11,1.47
2.751,-0.4,-1.16,0.13,2.55,-2.23,-16.59,-5.81,0.35,1.2,-1.14,4.36,4.03,1.3,1.48,-0.75,-7.53,-6.32,10.18,-0.13,-1.43,0.53,8.06,10.55,1.62
2.764,-1.54,-2.27,0.17,3.74,3.13,-2.77,-6.39,0.23,1.25,-0.74,8.93,-17.93,1.43,1.47,-0.72,-7.4,-6.25,9.88,0.06,-1.66,0.3,8.01,10.5,2.13
2.775,-2.97,-3.22,0.07,3.73,4.09,1.05,-5.5,-0.53,0.76,12.75,21.95,-39.22,1.49,1.31,-0.58,-4.3,-7.9,6.05,-0.18,-1.91,0.3,9.32,11.07,3.48
2.786,-4.08,-4.19,0.03,9.73,1.85,9.86,-3.48,-0.68,0.9,7.55,15.25,-39.22,1.68,1.36,-0.35,-4.01,-8.03,4.51,-0.75,-2.35,0.38,6.25,9.8,0.4
2.797,-4.49,-4.71,0.03,11.47,-0.37,12.77,-0.9,-0.29,0.4,-0.89,14.47,-39.2,2.08,1.62,-0.15,-4.5,-8.43,2.45,-0.81,-2.7,0.25,4.34,8.05,-0.85
2.806,-3.93,-4.56,-0.03,11.98,-4.76,12.52,0.25,-1.14,-0.3,8.96,3.32,0.66,2.41,1.72,-0.03,-7.17,-6.05,-8.11,-0.76,-2.96,0.03,4.5,3.78,-4.05
2.816,-2.38,-3.94,-0.1,12.06,-8.17,-5,-0.33,-2.63,-0.16,8.47,-7.23,22.3,2.57,1.56,0.06,-5.19,-4.25,-13.07,-0.5,-2.92,-0.03,7.59,-3.98,-2.57
2.827,-0.32,-2.78,0.09,13.68,1.49,-0.73,-1.06,-2.83,-0.31,1.21,-4.48,19.97,1.96,1.24,0.26,-0.86,-4.69,-14.42,-0.31,-2.21,0.09,5.67,-6,3.48
2.841,0.42,-1.82,0.58,5.51,12.34,17.55,-0.82,-1.9,-0.32,2.11,5.65,-0.41,1.56,1.37,0.19,1.65,-6.19,-16,-0.76,-1.42,0.18,-1.37,-10.71,12.17
2.854,-0.71,-0.49,0.26,1.84,9.73,8.22,-0.27,-1.18,-0.43,5.78,13.47,7.61,1.27,1.67,-0.13,-0.18,-7.88,-20.61,-2.76,0.04,0.36,-1.57,-13.55,4.36
2.864,-0.07,-0.42,0.11,6.21,11.35,12.39,-0.08,-1.28,-0.04,4.76,13.01,3.95,1.05,1.88,-0.31,-2.77,-5.36,-19.31,-3.7,0.57,0.72,1.21,-8.85,2.82
2.875,0,-0.33,-0.06,6.3,7.01,13.72,1.16,-0.38,-0.02,8.11,14.01,6.51,0.71,1.76,-0.43,-8.68,-6.36,-13.11,-4.3,0.78,1.2,3.77,-3.65,-10.64
2.886,0.39,0.15,-0.28,7.94,5.9,12.93,1.81,0.19,-0.12,7.69,10.1,4.69,0.11,1.07,-0.47,-14.52,-7.42,2,-4.18,0.78,1.74,10.27,4.3,-23.8
2.896,0.74,0.67,-0.52,7.36,5.94,12.53,2.14,0.07,-0.22,10.72,12.64,5.53,-0.16,0.06,-0.27,-13.51,-7.98,7.69,-2.88,1.48,2.19,16.95,31.85,-39.04
2.906,0.69,1.16,-0.65,7.11,7.9,13.43,2,-0.22,-0.02,14.76,14.44,6.13,-0.49,-1.07,0.09,-10.6,-9.81,11.11,-1.34,1.57,0.86,-0.93,17.67,-38.68
2.916,0.46,1.52,-0.58,7.9,8.71,12.4,1.43,-0.63,0,14.86,12.26,8.59,-0.9,-1.78,0.4,-8.13,-12.26,8.69,-0.95,-0.07,-0.03,-1.87,15.47,-15.82
2.926,0.25,1.62,-0.47,8.73,10.88,6.73,1.39,-0.84,0.04,14,10.64,6.65,-1.7,-0.19,0.11,-1.52,-12.73,2.63,-1.19,-0.87,-0.14,2.93,6.32,16.07
2.937,-0.06,1.8,-0.42,6.61,12.27,0.03,1.26,-0.96,0,10.36,6.03,6.01,-1.35,0.28,-0.14,-3.42,-12.59,9.47,-0.88,-0.07,0.07,4.25,7.46,6.55
2.952,-0.29,2.09,-0.26,3.92,8.78,-10.84,1.65,-0.84,0.04,6.01,2.23,0.25,-0.63,-0.27,-0.23,-4.46,-10.1,15.98,-0.01,1.19,0.44,2.06,18.05,-0.72
2.964,-0.1,0.44,-0.28,1.69,-5.59,-25.12,1.87,-0.57,0.08,-4.25,-4.44,-10.86,-0.18,-0.72,-0.43,-3.09,-8.46,18.21,0.76,1.18,-0.1,6.01,12.23,2.8
2.975,0.45,0.28,-0.39,-0.31,-4.23,-26.86,1.35,-0.94,0.13,-6.42,-14,-9.9,-0.1,-0.7,-0.54,-2.46,-13.02,18.47,0.54,0.38,-0.05,9.23,14.18,3.03
2.986,0.68,0.26,-0.26,-2.99,-4.09,-26.23,-0.86,-1.61,0.6,-4.88,-17.72,-4.78,0.16,-0.22,-0.53,-3.84,-12.06,18.76,0.03,-0.79,0.16,10.14,15.77,5.59
2.996,0.48,-0.84,-0.04,-3.25,-2.81,-22.13,-1.98,-1.48,0.88,-5.44,-7.05,-17.94,0.83,0.24,-0.52,-4.19,-9.9,17.59,-0.48,-1.71,0.55,10.31,11.46,5.28
3.006,-0.1,-2.36,0.3,-1.21,1.63,-13.68,-2.77,-1.62,1.12,-2.09,4.76,-31.54,1.48,0.7,-0.42,-6.78,-7.98,13.43,-0.48,-2.42,0.47,9.9,12.1,3.91
3.016,-1.26,-3.34,0.41,1.02,4.13,-5.38,-3,-2.42,0.86,0.88,15.98,-38.52,2.27,1.64,-0.18,-7.46,-7.59,11.18,-0.22,-2.76,0.26,9.72,13.28,1.96
3.026,-2.38,-4.33,0.37,5.05,2.46,-2.76,-3.08,-3.85,0.44,8.11,7.92,1.74,2.57,1.9,-0.15,-8.01,-8,9.75,-0.21,-2.99,0.11,8.55,12.27,0.5
3.038,-2.57,-5.46,0.65,18.93,-2.41,-5.84,-2.86,-4.28,0.48,3,0.91,10.76,2.85,2.14,-0.21,-7.73,-8.42,7.9,-0.23,-3.32,0.1,7.84,3.78,-1.75
3.053,-2.04,-5.85,0.93,19.7,1.92,10.32,-2.18,-2.78,0.41,4.01,12.3,6.8,2.8,2.67,-0.29,-3.28,-7.9,-4.34,-0.29,-3.42,0.16,6,-2.5,-4.15
3.065,-1.45,-3.54,0.43,14.85,2.7,15.56,-1.51,-1.27,0.24,3.15,11.46,7.61,2.51,3.44,-0.34,-0.52,-5.55,-21.34,-0.45,-3.1,0.13,3.6,-5.48,-4
3.076,-1.04,-2.42,0.23,10.47,4.84,16.26,-0.09,0.36,0.11,5.63,10.1,5.51,2,3.87,-0.3,1.79,-5.38,-22.86,-0.71,-2.61,0.05,-0.4,-10.96,-3.41
3.086,-0.5,-1.7,0.17,8.27,4.8,17.3,0.42,0.75,0.01,7.53,11.42,3.51,1.49,3.19,-0.14,-2.36,-2.26,-21.03,-1.04,-1.94,0.11,-2.32,-13.55,-3.53
3.096,0,-0.87,-0.09,6.26,5.03,17.68,1.06,1.06,-0.06,8.97,12.39,5.65,1.02,2.34,-0.1,-4.86,-2.78,-18.64,-1.4,-1.32,0.4,-3.4,-14.42,-10.88
3.106,0.5,0.08,-0.3,6.67,7.34,19.13,1.6,1.13,-0.06,9.84,13.19,6.73,0.9,2.1,-0.19,-8.26,-1.87,-11.69,-1.43,-0.95,0.81,-0.56,-10.03,-20.81
3.115,0.56,0.77,-0.33,6.67,8.73,19.63,1.6,1.13,-0.06,12.35,14,8.1,0.93,1.62,-0.12,-11.82,-3.68,-2.86,-0.92,-0.63,1.18,1.78,10.81,-24.37
3.126,0.31,1.14,-0.27,5.51,9.55,20.95,2.2,0.67,-0.12,14.39,14.48,10.18,0.63,0.88,-0.08,-8.59,-8.43,-5.9,-0.48,-0.36,1.26,1.05,18.84,-4.98
3.136,0.03,1.29,-0.16,5.46,8.92,21.38,2.36,0.41,-0.03,16.73,13.28,11.35,-0.14,0.28,-0.07,-7.55,-13.25,-3.85,-0.55,-0.28,0.86,2.14,13.36,5.88
3.146,0.01,1.58,-0.13,7.13,8.17,8.77,2.01,-0.02,0.05,13.97,8.31,9.13,-0.99,-0.16,0,-7.55,-13.25,-3.85,-0.39,0.29,0.27,6.07,12.18,-0.31
3.155,0.14,1.95,-0.13,4.98,7.71,-2.25,2.01,-0.02,0.05,9.9,5.5,3.18,-0.94,-0.18,0.07,-7.88,-10.88,13.92,0.17,1.31,0.09,3.88,16.87,0.55
3.165,0.69,2.33,-0.21,4.48,7.03,-9.68,1.85,-0.45,0.03,5.9,4.01,-1.59,-0.74,-0.55,0.25,-4.03,-9.55,16.11,0.5,1.63,0.37,3.73,17.15,3.19
3.175,0.92,2.31,-0.44,4.25,1.59,-18.36,1.9,-0.67,0,-1.78,-3.54,-5.67,-0.96,-1.38,0.15,-0.62,-10.59,17.77,0.58,1.46,0.02,5.09,13.52,2.81
3.185,1.16,1.92,-0.69,4.88,-0.5,-19.79,0.84,-1.75,0.06,-4.44,-6.26,-3.32,-1.1,-1.78,-0.15,0.33,-10.89,17.81,0.8,1.2,-0.08,7.26,13.14,1.9
3.196,1.04,1.66,-0.88,2.11,-1.76,-19.55,-0.25,-2.02,0.22,-5.51,-7.21,8.61,-0.9,-1.5,-0.43,-1.41,-10.35,15.64,0.79,0.58,0.12,7.59,13.89,2.08
3.206,0.68,1.17,-0.7,-1.54,-0.43,-17.34,-1.51,-1.82,0.51,-8.31,-5.69,-0.73,-0.42,-0.76,-0.68,-3.28,-9.67,14.5,0.55,-0.34,0.25,8.07,12.84,1.89
3.216,0.02,0.11,-0.33,-2.1,2.29,-12.15,-1.51,-1.82,0.51,-4.55,-0.1,-3.58,0.14,0.14,-0.74,-6.4,-9,12.78,0.53,-1.06,0.29,9.94,11.89,1.4
3.226,-0.86,-0.93,0.01,0.34,1.13,-12.88,-3.13,-1.33,0.63,-1.66,0.97,-3.53,0.67,0.95,-0.64,-8.3,-8.86,10.31,0.2,-1.48,0.35,10.6,13.06,1.44
3.236,-1.53,-1.85,0.13,3.21,-0.55,-13.64,-3.71,-1.57,0.6,0.3,1.26,-6.3,1.08,1.46,-0.52,-7.51,-7.38,5.73,0.08,-1.62,0.01,8.27,11.52,0.38
3.246,-1.78,-2.61,0.18,4.9,-0.58,-12.19,-3.79,-1.62,0.61,1.71,6.67,-25.09,1.31,1.71,-0.38,-6.51,-7.61,3.79,0.03,-1.74,0.17,6.82,10.22,-0.75
3.256,-2.12,-3.14,0.17,6.21,3.96,0.18,-3.15,-1.19,0.71,2.47,15.77,-36.45,1.54,1.87,-0.24,-5.28,-8.05,2.07,-0.01,-1.9,0.16,5.59,8.81,-2.49
3.266,-2.84,-3.57,0.02,7.03,3.16,5.71,-1.92,-1.19,0.45,5.98,19.94,-39.22,1.67,1.94,-0.1,-4.73,-7.46,0.57,-0.11,-1.92,0.08,4.42,7.71,-3.58
3.276,-3.34,-4.12,0,7.23,0.34,7.42,-1.92,-1.19,0.45,11.14,21.57,-24.86,1.71,2.08,-0.06,-5.51,-6.92,-2.38,-0.24,-1.96,0.14,4.69,6.92,-2.26
3.286,-2.86,-4.41,-0.05,12.94,-0.66,-3.97,-0.52,-2.55,0.38,4.34,-3.86,11.18,1.7,2.21,-0.07,-6.32,-7.11,-6.76,-0.62,-2.04,0.14,5.38,6.11,-2.53
3.296,-1.58,-4.18,0.07,15.64,2.94,-0.38,-0.36,-2.13,0.38,3.16,0.89,11.05,1.69,1.98,-0.06,-6.65,-6.57,-11.43,-0.53,-2.05,-0.01,1.05,-0.56,-8.9
3.306,-0.82,-3.29,0.36,13.81,4.76,8.17,-0.36,-2.13,0.38,5.15,9.02,2.67,1.55,1.56,-0.06,-4.32,-5.48,-13.17,-0.07,-1.73,-0.23,1.28,-4.28,-13.22
3.316,-0.96,-2.14,0.29,10.55,5.67,15.27,-0.51,-1.48,0.11,8.59,15.81,5.61,1.17,1.19,-0.04,-1.59,-5.25,-18.43,0.19,-0.97,-0.41,1.25,-7.36,-15.43
3.326,-1.3,-1.52,0.09,7.65,7.78,17.31,-0.65,-1.57,-0.01,9.48,15.46,7.51,0.69,1.23,-0.16,-2.5,-4.5,-18.42,0.48,0.18,-0.36,-0.28,-9.14,-16.23
3.336,-1.41,-1.51,0.02,8.21,9.05,18.54,0.19,-1.43,0.15,10.38,16.79,9.5,0.22,1.39,-0.41,-5.53,-4.11,-16.7,0.52,0.96,-0.12,-1.03,-8.22,-13.03
3.346,-1.33,-1.35,-0.04,11.52,11.07,21.7,0.68,-1.07,-0.03,16.15,18.92,12.11,-0.25,1.25,-0.62,-8.05,-4.42,-15.65,0.13,1.15,0.19,1.69,-5.01,-9.28
3.356,-1.22,-0.68,-0.15,13.1,7.92,17.35,0.85,-0.43,-0.2,9.84,17.53,14.19,-1.45,0.09,-0.72,-11.48,-8.44,-10.55,-0.23,1.26,0.57,5.69,-1.66,-7.03
3.366,-0.86,0.22,-0.2,10.65,6.32,14.19,1.11,-0.05,-0.47,5.48,12.01,10.25,-1.92,-0.65,-0.58,-11.78,-9.34,-6.46,-0.43,1.6,0.88,11.18,8.05,-2.5
3.376,-0.37,1.41,-0.2,5.88,6.76,7.61,1.11,-0.05,-0.47,4.98,6.65,4.09,-2.37,-1.4,-0.36,-10.11,-11.03,-2.68,-0.48,2.11,0.8,12.64,12.6,-1.44
3.386,0.18,2.3,-0.16,1.25,5.42,-4.86,1.49,-0.16,-0.4,3.52,3.83,-1.16,-2.56,-1.87,-0.19,-4.07,-14.01,4.01,-0.45,2.54,0.4,11.68,15.25,-0.64
3.397,1.02,2.5,-0.3,5.28,3.92,-16.95,1.43,-0.34,0,-0.92,0.56,-1,-2.56,-1.87,-0.19,-2.97,-14.89,7.13,-0.58,2.47,0.23,6.48,14.63,-0.23
3.406,1.53,2.63,-0.59,8.28,2.58,-18.53,0.82,-0.53,-0.05,0.89,-4.25,12.02,-2.15,-1.56,-0.05,-2.73,-14.84,9.75,-1.04,1.54,0.18,6.34,15.64,1.12
3.416,1.78,2.81,-0.82,10.5,-0.43,-19.54,0.82,-0.53,-0.05,-0.52,-10.8,14.81,-1.61,-0.96,-0.04,-2.89,-13.75,11.59,-1.13,0.81,-0.04,7.05,14.56,1.25
3.426,1.36,2.39,-1.06,5.17,-2.23,-20.04,-0.39,-0.49,0.02,-5.46,-9.02,14.39,-0.99,-0.25,-0.11,-3.67,-11.6,13.22,-1.26,0.2,0.05,6.61,13.92,1.23
3.436,0.5,1.64,-0.89,-6.13,1.61,-18.06,-1.27,0.51,0.39,-4.86,-4.86,11.61,-0.51,0.35,-0.25,-3.88,-10.42,12.61,-1.33,-0.48,0.14,5.94,13.64,1.37
3.447,0.15,0.59,-0.3,-1.77,-1.79,-18.56,-4.29,0.9,0.7,-2.44,-2.18,10.05,-0.51,0.35,-0.25,-3.81,-9.6,12.01,-1.23,-1.05,0.16,6.73,12.78,0.43
3.456,0.08,-0.65,0.17,3,-1.16,-18.55,-5.69,0.58,0.78,0.64,0.38,-0.68,0.06,1.14,-0.59,-5.55,-9.15,12.02,-1.36,-1.38,0.26,6.61,12.21,0.8
3.466,-0.38,-1.64,0.34,4.36,4,-5.63,-5.69,0.58,0.78,6.88,21.14,-15.25,0.06,1.14,-0.59,-8.85,-7.94,16.09,-1.34,-1.58,0.17,7.48,11.25,1.92
3.476,-1.64,-2.46,0.18,4.86,5.88,-0.95,-5.91,0.97,0.89,13.25,21.87,-27.37,0.42,1.28,-0.5,-10.43,-7.07,18.86,-1.03,-1.65,0.04,6.21,10.14,3.28
3.486,-3.02,-3.38,-0.02,7.42,4.19,2.45,-5.98,0.56,0.81,15.39,21.03,-31.29,1.35,0.61,0,-9.75,-4.51,17.23,-0.81,-1.8,0.21,6.19,10.27,2.75
3.496,-3.84,-4.16,-0.03,10.46,2.91,6.76,-2.73,0.54,0.76,1.94,13.51,-39.22,1.35,0.61,0,-7.78,-2.88,12.93,-0.52,-1.96,0.14,7.19,10.6,1.8
3.506,-3.95,-4.4,-0.1,11.51,-0.33,11.81,-0.91,0.5,0.35,-0.18,11.14,-38.59,1.48,1.31,0.01,-4.11,-6.96,8.09,-0.26,-1.9,-0.07,7.94,10.68,1.15
3.516,-3.44,-4.15,-0.25,10.1,-5.05,10.48,-0.91,0.5,0.35,3.63,10.43,-18.4,1.85,1.35,-0.19,-2.15,-8.72,6.34,-0.21,-1.83,-0.11,9.23,11.55,2.65
3.526,-2.38,-3.51,-0.27,8.36,-9.43,3,0.02,-0.26,-0.06,7.3,1.47,1.83,2.05,1.48,-0.33,-1.28,-9.39,4.92,-0.65,-1.84,-0.01,7.32,10.26,0.52
3.536,-0.82,-2.89,-0.09,10.28,-7.46,-2.65,-0.22,-1.4,-0.2,4.57,-2.72,13.6,2.1,1.95,-0.37,-1.02,-9.89,2.34,-0.66,-2.19,0.01,5.69,7.25,-0.67
3.546,0.47,-2.47,0.27,11.14,4.76,2.14,-0.85,-1.91,-0.12,2.25,3.45,-0.05,2.27,2.47,-0.35,-2.1,-10.02,-1.25,-0.55,-2.64,0.02,5.96,6.51,-1.69
3.557,0.87,-1.86,0.51,6.76,7.32,6.36,-0.63,-0.87,-0.19,2,10.11,-4.73,2.39,2.68,-0.32,-3.63,-9.47,-2.17,-0.62,-2.83,0.08,6.51,4.51,-3.71
3.566,0.45,-0.87,0.33,3.33,5.69,6.73,-0.63,-0.87,-0.19,5.34,13.39,2.48,2.32,2.55,-0.28,-5.44,-9.22,-2.69,-0.72,-3.02,0.24,7.73,2.59,-4.25
3.576,0.08,-0.17,0.06,4.75,5.63,6.03,-0.45,-0.85,-0.19,5.34,13.39,2.48,2.15,2.15,-0.19,-6.3,-8.82,-2.99,-0.79,-3.19,0.45,8.53,1.17,-4.53
3.585,0.2,-0.27,-0.1,5.01,5.96,8.14,-0.76,-0.98,-0.39,3.42,9.76,2.68,2.19,1.82,-0.06,-7.21,-7.78,-2.74,-0.84,-3.14,0.59,6.23,0.51,-4.65
3.596,0.09,-0.45,-0.23,3.73,4.42,8.06,-0.33,-0.66,-0.39,4.19,9.31,4.44,2.28,1.85,0.02,-6.46,-6.8,-6.38,-0.94,-2.97,0.64,5.21,0.2,-3.01
3.606,0.23,-0.19,-0.34,4.17,4.4,7.82,0.42,-0.07,-0.32,3.42,8.46,2.77,1.81,2.04,0.09,-4.32,-6.28,-12.67,-1.19,-2.81,0.66,3.52,0.05,0
3.616,0.56,0.31,-0.42,6.36,5.03,8.9,0.84,0.23,-0.31,3.42,8.46,2.77,1.19,1.56,0.24,0.05,-8.43,-17.62,-1.64,-2.62,0.65,1.44,-0.68,4.59
3.625,0.45,0.63,-0.47,7.19,5.57,10.02,1.15,0.3,-0.25,5.78,9.31,3.48,1.19,1.56,0.24,3.93,-7.32,-16.04,-2.16,-2.17,0.65,-3.47,-6.01,7.44
3.635,0.12,0.78,-0.43,7.94,5.86,11.23,1.32,0.37,-0.2,8.88,9.86,3.72,0.58,2.31,0.02,2.82,-7.44,-14.68,-2.56,-1.45,0.74,-2.32,-11.42,-10.02
3.646,-0.14,0.92,-0.38,8.92,5.42,11.89,1.69,0.49,-0.21,9.55,9.8,3.53,0.53,2.41,-0.04,-2.35,-7.01,-10.93,-2.53,-0.57,1.15,0.99,-8.18,-12.56
3.657,-0.32,1.01,-0.3,6.76,6.07,10.76,1.98,0.69,-0.38,9.52,8.46,3.66,0.71,1.48,0.07,-9.98,-3.18,-4.38,-1.97,0.13,1.46,-4.9,4.17,-25.76
3.667,-0.25,1.16,-0.11,5.96,6,6.94,1.98,0.69,-0.38,9.09,7.61,2,0.62,0.62,0.28,-11.71,-2.57,7.59,-1.04,0.08,1.35,1.35,28.07,-21.81
3.676,0.45,1.67,0.05,6.42,3.52,2.85,2.06,0.59,-0.38,9.09,7.61,2,-0.14,-0.16,0.42,-7.26,-5.71,1.53,-0.5,-0.14,0.57,-4.55,25.88,0.46
3.685,0.96,1.84,0.12,3.41,5.53,-5.5,2.01,0.38,-0.3,10.23,6.36,-0.87,-0.93,-0.23,0.23,-6.63,-13.77,0.18,-0.46,-0.06,-0.25,-4.03,10.26,11.81
3.696,1.3,1.87,0,1.64,6.51,-8.02,1.65,0.1,-0.1,8.93,5.36,-2.53,-0.82,-0.38,0.02,-9.72,-13.9,14.3,0.06,0.87,0,7.17,13.56,1.08
3.707,1.03,1.29,-0.26,0.33,6.55,-8.93,0.23,-0.62,0.12,5.01,2.45,-6.9,-0.28,-1.07,-0.1,-9.59,-9.67,19.87,0.94,1.97,0.21,6.78,20.22,1.57
3.717,1.03,1.29,-0.26,-0.52,6.42,-9.78,0.23,-0.62,0.12,0.15,0.57,-7.05,-0.13,-1.79,-0.26,-6.76,-8.98,20.25,1.37,2.19,-0.21,7.46,17.35,3.1
3.726,0.52,0.49,-0.27,-0.23,4.51,-13.19,0.22,-1.16,0.19,-0.56,1.35,-9.26,-0.37,-1.97,-0.49,-4.21,-10.05,18.12,1.28,1.72,-0.4,9.82,13.28,4.73
3.736,-0.46,-1.15,-0.03,1.66,1.99,-11.78,0.04,-1.62,0.31,-0.51,1.79,-9.85,-0.29,-1.66,-0.66,-5.4,-12.53,18.37,0.82,0.73,-0.14,11.85,15.93,3.2
3.747,-0.7,-1.84,0.06,2.79,0.25,-10.85,-0.74,-2.25,0.38,-0.56,2.18,-9.3,0.1,-1.19,-0.58,-5.17,-11.43,18.84,0.38,-0.47,0.08,12.86,12.81,3.97
3.759,-0.82,-2.22,0.13,5.07,1.85,-8.47,-1.04,-2.33,0.41,0.91,4.03,-5.44,0.69,-0.37,-0.5,-6.03,-10.43,18.45,0.13,-1.4,0.24,12.38,9.97,4.9
3.769,-0.98,-2.34,0.16,6.17,3.01,-5.75,-1.24,-2.26,0.42,1.39,5.57,-3.44,1.31,0.81,-0.47,-5.98,-9.98,12.56,0.02,-1.97,0.32,8.31,5.3,-1.98
3.782,-1.17,-2.4,0.18,7.44,3.5,0.17,-1.35,-2.1,0.41,2.54,6.67,-1.57,1.63,2.51,-0.32,-6.23,-6.78,-8.72,-0.11,-2.07,-0.11,6.03,4.01,-4.59
3.796,-1.35,-2.36,0.19,9.53,3.54,4.19,-1.28,-1.82,0.37,5.4,8.59,2,1.69,2.6,-0.12,-5.53,-5.9,-9.22,-0.14,-1.84,-0.14,3.66,2.18,-7.13
3.808,-1.3,-2.13,0.19,10.39,3.24,5.86,-0.64,-0.88,0.3,6,8.44,2.24,1.48,2.4,0,-5.05,-4.69,-10.67,-0.11,-1.65,-0.17,0.62,-0.37,-10.57
3.817,-1.17,-1.73,0.18,10.53,3.15,7.17,-0.24,-0.46,0.24,6.53,8.09,2.24,1.14,2.09,0.05,-5.44,-1.3,-10.07,-0.03,-1.43,-0.22,0.09,-0.81,-10.67
3.827,-0.99,-1.25,0.13,9.68,3.46,8.23,-0.24,-0.46,0.24,7.28,7.73,2.25,0.61,1.72,0.02,-7.11,-0.52,-9.21,0.07,-1.01,-0.22,0,-1.27,-10.09
3.838,-0.76,-0.77,0.15,5.13,5.44,8.86,0.52,0.21,0.12,7.09,7.61,2.1,0.21,1.13,-0.02,-8.28,-1.11,-9.31,0.15,-0.5,-0.15,0.1,-1.54,-8.77
3.85,-0.42,-0.4,0.17,2.91,4.9,9.6,0.77,0.28,0.08,6.78,7.48,1.7,-0.16,0.32,-0.01,-6.48,-1.5,-10.34,0.23,-0.04,-0.06,1.54,-1.64,-8.27
3.861,0.02,-0.09,0.13,2.6,4.15,9.65,0.91,0.13,0.06,6.36,7.92,1.37,-0.54,-0.35,0.07,-3.57,-4.42,-7.73,0.34,0.37,-0.08,3,0.5,-7.48
3.872,0.26,0.05,0.07,2.63,5.44,8.19,0.99,-0.15,0.13,6.96,8.88,2.07,-0.71,-0.49,-0.05,-2.11,-6.09,-8.38,0.61,1.05,0.16,2.5,0.64,-8.14
3.884,0.37,0.18,0,4.96,6.05,6.88,1.1,-0.45,0.21,6.96,9.09,2.9,-1.41,-0.57,-0.35,-1.48,-8.27,-6.67,0.51,1.16,0.16,3.28,2.76,-6.53
3.896,0.17,0.32,-0.12,6.46,5.44,6.53,1.31,-0.55,0.17,6.34,13.07,6.92,-1.7,-0.62,-0.41,-4.07,-9.38,-4.69,0.11,1.21,0.26,2.99,4.01,-4.19
3.908,0.16,0.44,-0.19,7.63,4.21,4.11,0.21,-0.73,0.02,3.31,10.14,4.3,-1.75,-0.64,-0.37,-5.01,-9.68,-1.72,-0.2,1.07,0.44,4.44,5.28,-2.6
3.917,0.23,0.65,-0.21,7.07,3.9,1.98,0.21,-0.73,0.02,2.9,3.53,-4.63,-1.76,-0.77,-0.27,-5.55,-10.22,1.19,-0.42,0.88,0.54,8.77,10.35,-0.28
3.927,0.28,0.86,-0.22,6.32,4.25,-0.01,-0.04,-0.88,-0.06,1.99,2.19,-4.94,-1.71,-0.88,-0.13,-6.26,-11.19,3.82,-0.47,0.83,0.61,10.03,13.23,0.63
3.938,0.31,1.03,-0.28,2.73,3.1,-5.88,0.81,-0.84,-0.05,-0.7,3.34,-6.32,-1.48,-0.81,0.02,-5.82,-12.26,9.55,-0.3,0.95,0.46,10.56,15.31,1.17
3.95,0.42,1,-0.35,1.63,3.49,-7.63,0.73,-0.93,0.01,-1.4,2.64,-5.42,-1.1,-0.54,0.11,-6.05,-12.36,11.96,-0.27,0.89,0.2,9.43,15.4,1.28
3.961,0.12,0.84,-0.4,1.54,3.38,-8.64,0.41,-1.2,0.01,-2.15,2.59,-1.07,-0.65,-0.1,0.11,-6.46,-11.88,13.52,-0.55,-0.18,0.17,7.28,13.51,1.82
3.973,-0.22,0.4,-0.44,3.27,1.61,-13.6,-0.27,-1.67,-0.15,-4.28,2.08,4.07,-0.23,0.31,0.07,-7.03,-10.03,14.26,-0.56,-0.58,0.2,7.75,13.97,1.15
3.984,-0.42,-0.02,-0.5,2.22,1.47,-14.43,-1.33,-2.34,-0.37,-0.75,-5.36,7.44,0.41,0.68,-0.09,-7.34,-10.31,15.48,-0.39,-0.73,0.15,7.3,15.07,0.23
3.997,-0.21,-0.62,-0.3,1.37,1.63,-15.78,-2.29,-2.46,-0.2,-0.81,-4.92,4.13,0.75,0.8,-0.17,-6.92,-9.77,16.97,-0.28,-0.92,0.16,5.98,16.87,1.8
4.01,-0.5,-1.21,-0.13,0.99,3.06,-14.27,-2.91,-0.73,0.6,2.42,10.4,-20.94,1.13,0.83,-0.19,-8,-10.59,18.29,-0.1,-1.24,0.23,6.4,16.54,2.63
4.021,-1.56,-1.96,-0.31,0.87,7.65,-1.12,-2.75,-0.35,0.82,7.34,15.35,-33.61,1.57,0.69,-0.17,-8.11,-10.94,17.76,0.01,-1.63,0.06,10.38,19.18,5.34
4.034,-2.37,-3.02,-0.54,5.09,4.96,3.6,-2.39,-1.13,0.59,6.82,19.87,-37.7,2.5,0.62,0.09,-8.17,-12.52,13.15,-0.55,-1.58,0,7.94,15.56,6.36
4.048,-1.69,-4.33,-0.17,12.77,-2.05,-4.28,-1.37,-1.87,0.15,2.99,-3.54,9.69,2.62,0.87,0.09,-6.73,-9.43,-5.26,-0.13,-2.05,-0.23,4.11,10.17,2.21
4.06,-1.01,-3.86,0.02,15.22,-1,-2.22,-0.96,-2.23,0.34,3.93,-0.07,10.1,2.17,1.19,0.04,-0.31,-9.27,-6.46,0.23,-2.52,-0.56,4.94,6.42,-1.72
4.072,-0.9,-2.99,0.04,14.28,1.54,3.71,-1.23,-1.6,0.26,6.23,5.88,0.87,1.82,1.52,-0.05,3.93,-11.46,-19.14,-0.12,-1.93,-0.55,-0.64,-5.55,-12.78
4.084,-1.26,-2.5,-0.04,12.75,2.39,14.35,-1.24,-1.3,0.2,9.59,10.89,-1.33,1.63,2.38,-0.14,-0.64,-3.09,-17.59,-0.21,-1.26,-0.38,-1.92,-8.93,-14.43
4.098,-1.4,-2.01,0.15,12.8,1.87,13.68,-0.23,-0.62,-0.02,8.92,10.93,3.55,0.98,2.2,-0.42,-2.84,-1.64,-16.59,-0.35,-0.77,-0.05,-4.23,-12.31,-16.05
4.11,-0.79,-1.15,0.18,13.23,3.54,14.28,0.63,0.08,-0.3,11.88,12.21,3.66,0.45,1.78,-0.69,-4.44,-1.45,-16.26,-0.56,-0.7,0.29,0,-3.86,-13.6
4.122,-0.13,-0.08,-0.02,13.01,4.86,15.6,1.13,0.47,-0.43,10.6,12.11,6.94,-0.11,1.19,-0.69,-8.57,-4.3,-9.06,-0.66,-0.4,0.8,3.22,0.75,-8.3
4.134,0.39,0.83,-0.23,6.98,6.42,17.39,1.51,0.94,-0.52,9.85,14.65,11.3,-0.68,-0.14,-0.49,-9.85,-6.07,-4.69,-0.54,0.23,0.91,5.98,3.55,-5.69
4.148,0.51,2.1,-0.09,6.34,7.48,18.43,1.35,0.87,-0.52,10.98,10.09,8.6,-0.87,-0.83,-0.23,-9.72,-8.02,0,-0.32,0.86,0.78,11.02,9.5,-1.11
4.16,0.77,2.05,0.05,2.88,5.61,-5.67,1.07,-0.03,-0.25,7.15,0.51,-3.32,-0.99,-1.48,-0.02,-9.21,-10.09,4.09,-0.13,1.41,0.51,9.15,13.18,1.79
4.171,1.54,2.54,0,3.5,4.76,-14.1,1.39,-0.13,-0.12,5.53,-1.35,-7.9,-1.01,-1.9,0.15,-5.05,-12.94,13.64,-0.3,0.77,0.45,10.01,13.61,1.97
4.184,2.15,3.07,-0.35,4.9,-0.76,-19.45,1.64,-0.03,-0.04,1.48,-3.5,-14.9,-0.52,-1.55,0.15,-4.38,-12.85,15.02,-0.42,0.02,0.12,10.39,13.3,2.93
4.199,1.66,2.2,-0.66,-3.68,-3.91,-18.71,0.74,-0.73,0.19,-7.53,-7.19,-18.37,-0.03,-0.92,0.05,-3.33,-11.63,15.75,-0.63,-0.63,0.19,9.73,12.61,2.35
4.21,1.7,1.29,-0.01,-6.98,0,-18.3,-0.2,-1.4,0.27,-8.26,-4.15,-17.5,0.4,-0.33,-0.16,-4.53,-8.72,14.52,-0.83,-1.32,0.26,9.18,12.27,1.37
4.222,1.14,-0.29,0.43,-5.19,3.44,-18.12,-1.06,-1.94,0.35,-6.98,1.49,-14.09,0.71,0.13,-0.23,-6.82,-8.09,12.57,-0.9,-2.22,0.3,8.31,12.39,1.86
4.234,0.13,-1.82,0.67,5.23,4.59,-6.01,-1.79,-2.41,0.31,-5.05,7.61,-3.52,1.42,0.88,-0.11,-8.35,-8.18,11.31,-0.82,-2.46,0.19,9.17,11.82,2.48
4.249,-1.31,-3.56,0.57,8.06,5.94,-1.22,-2.65,-2.71,0.07,3.34,10.81,2.99,1.76,0.98,0.11,-10.67,-9.27,14.09,-0.49,-2.35,0.02,8.52,10,2.25
4.261,-1.84,-4.06,0.45,9.78,6.34,2.59,-2.38,-2.1,0.15,6.71,11.76,4.23,2.37,1.23,0.31,-9.77,-6.03,6.55,-0.22,-2.24,0.1,4.23,3.76,-0.34
4.272,-2.06,-4.13,0.24,12.69,5.07,7.48,-1.54,-1.01,0.28,9.47,11.88,4.26,1.47,2,0.32,0.02,-9.28,-17.45,-0.03,-1.83,-0.06,2,0.73,-3.17
4.284,-1.94,-3.7,-0.02,14.56,4.59,10.93,-0.61,-0.06,0.16,9.42,10.38,3.07,0.84,2.19,0.43,4.15,-7.98,-16.63,0.06,-1.1,-0.35,-3.1,-4.07,-6.8
4.299,-1.1,-2.01,-0.19,13.39,3.29,11.47,0.06,0.47,0.24,10.06,8.43,2.03,0.78,2.35,0.32,3.6,-7.03,-17.47,-0.16,0.62,-0.47,-5.28,-6.28,-8.17
4.31,-0.7,-1.18,-0.22,10.64,3.18,11.68,0.8,0.98,-0.14,10.52,9.86,2.63,0.57,2.07,-0.06,-0.36,-4.65,-15.4,-0.5,0.95,-0.25,-7.05,-7.07,-18.29
4.322,-0.48,-0.44,-0.17,8.14,4.26,12.72,1.16,1.1,-0.27,11.31,11.64,4.15,-0.09,1.63,-0.37,-5.75,-3.85,-7.96,-0.69,0.83,-0.03,0,2.02,-23.68
4.334,-0.41,0,-0.08,7.44,6.78,15.1,0.74,0.97,-0.34,11.53,13.68,6.9,-0.85,0.36,-0.46,-4.03,-5.61,-8.57,-0.56,0.61,0.13,3.46,8.71,-6.8
4.348,-0.68,0.52,0.22,7.23,7.26,15.64,0.21,0.75,-0.27,9.42,7.65,5.11,-1.3,-0.21,-0.43,-5.13,-8.72,-7.84,-0.48,0.41,0.43,5.53,6.76,0.09
4.36,-0.2,1.07,0.26,6.51,4.51,10.68,0.58,0.24,-0.1,8.23,5.15,1.78,-1.49,-0.91,-0.44,-8.13,-11.78,2.25,-0.44,0.77,0.67,8.46,12.93,0.56
4.371,0.7,1.83,0.25,5.67,2.74,3.2,1.01,0.27,0.03,6.82,3.04,-2.67,-1.52,-1.62,-0.31,-5.34,-13.18,9.42,-0.05,1.95,0.5,8.39,14.39,3.1
4.384,1.61,2.78,0.15,6.59,0.86,-11.85,1.45,0.47,0.11,-0.21,1.87,-6.38,-1.53,-2.37,-0.15,-4.15,-13.64,12.07,-0.14,1.78,0.39,8.01,12.85,2.99
4.399,2.37,3.21,-0.41,7.05,0.75,-13.23,1.6,0.53,0.2,-2.75,-0.56,-8.8,-1.19,-2.04,-0.11,-3.7,-11.31,15.72,-0.36,1.19,0.3,7.15,12.9,2.01
4.411,2.17,3.07,-0.56,2.11,-1.1,-16.05,0.9,0.31,0.06,-0.88,-5.76,1,-0.71,-1.36,-0.15,-4.21,-9.85,15.64,-0.57,-0.36,0.37,6.76,13.1,1.45
4.422,1.94,2.68,-0.21,0.33,0.23,-16.39,0.04,0.15,0.18,-2.64,-5.76,-0.07,-0.24,-0.62,-0.22,-6.17,-8.02,14.82,-0.48,-0.78,0.32,7.51,12.92,1.66
4.434,1.55,1.97,0.28,-0.58,3.68,-13.61,-0.72,0.35,0.39,-2.77,-3.77,-4.01,0.67,0.19,-0.26,-8.63,-7.65,17.4,-0.32,-1.07,0.28,8.93,14.72,3.5
4.449,-0.1,-0.26,0.45,0.2,5.92,-4.65,-1.55,0.23,0.54,1.73,13.18,-30.07,1.06,0.28,-0.24,-10.02,-7.8,17.11,-0.08,-1.18,0.24,10.73,17.01,6.32
4.461,-1.01,-1.57,0.41,0.4,4.69,-3.84,-1.74,-0.87,0.08,4.71,14.55,-16.37,1.37,0.36,-0.07,-9.85,-7.61,16.64,-0.17,-1.34,0.01,9.07,16.29,6.42
4.472,-1.35,-3,0.49,1.89,1.79,-7.9,-1.77,-1.94,-0.09,5.88,3.41,-3.3,1.73,0.38,0.05,-10.4,-9.23,16.86,0.05,-1.54,-0.18,6.38,13.18,4.69
4.484,-1.21,-3.85,0.5,9.84,3.98,-0.72,-1.75,-2.04,0.12,1.94,-0.6,0.43,2.35,1.04,0.14,-7.51,-6.94,7.53,0.36,-1.72,-0.62,4.67,9.89,2.61
4.499,-1.42,-3.82,0.37,9.06,3.93,3.33,-1.64,-1.43,0.15,4.28,8.8,3.34,1.36,1.91,0.01,-5.25,-5.36,-3.95,0.57,-1.76,-0.99,4.19,5.34,-0.87
4.511,-1.47,-3.57,0.28,9.18,3.85,5.75,-1.69,-1.12,0.19,3.92,9.1,3.59,0.71,2.2,-0.15,-4.07,-6.73,-11.52,1.02,-0.87,-1.13,-1.42,-2.05,-6.73
4.522,-1.3,-3.23,0.16,8.72,4.69,8.77,-1.43,-0.82,0.09,6,8.93,2.92,0.77,1.96,-0.21,-1.72,-6.07,-17.14,1.18,-0.01,-1.21,-1.78,-3.07,-3.85
4.534,-1.01,-2.71,0.18,7.63,4.63,10.06,-0.84,-0.3,0.03,5.25,9.3,2.44,0.14,0.32,0.06,-1.96,-5.13,-15.89,1.11,0.82,-1.25,-2.54,-4.01,1.11
4.549,-0.27,-1.23,-0.02,7.25,5.11,10.25,-0.31,0.03,-0.04,6.84,9.06,2.59,-0.28,-0.5,0,-7.21,-1.14,-14.84,0.6,1.38,-1.09,-2.44,-7.21,0.37
4.561,0.14,-0.5,-0.08,6.42,3.86,10.35,0.54,0.45,0.01,5.48,9.17,2.15,-0.71,-1.15,-0.13,-6.17,-1.89,-14.02,-0.56,1.97,-0.76,2.14,-2.86,-5.01
4.572,0.54,0.21,-0.17,5.4,4.26,10.97,0.73,0.48,0.03,6.26,9.39,2.84,-1.09,-1.89,-0.15,-3.22,-5.69,-11.52,-0.75,2.53,-0.64,2.31,-1.59,-10.63
4.584,0.69,0.65,-0.14,5.07,5.53,11.96,0.91,0.45,0.04,7.25,9.47,3.56,-1.6,-2.65,-0.02,-4.28,-8.19,-3.18,-0.55,3.12,-0.57,7.55,2.95,-26.56
4.599,0.59,1.06,0.04,7.57,5.9,10.77,1.21,0.45,0.01,8.46,9.94,3.46,-1.9,-2.94,0.08,-3.78,-9.35,0.21,-0.04,3.45,-0.57,7.38,5.11,-33.04
4.61,0.41,1.34,0,8.61,5.28,9.32,1.76,0.44,-0.07,7.88,9.59,3.51,-2.31,-2.92,0.06,-1.35,-10.28,1.41,1.09,2.92,-0.53,7.48,0.99,5.23
4.622,0.24,1.68,-0.07,9.18,4.71,7.57,1.92,0.42,-0.13,7.57,11.43,6.57,-2.82,-2.38,-0.09,3.33,-16.6,-1.5,0.56,1.87,-0.51,11.14,-1.71,7.3
4.634,0.14,2.05,-0.11,8.88,4.07,0.01,1.47,0.5,-0.15,4.63,10.22,3.03,-2.47,-0.9,-0.35,1,-14.68,4.11,-0.11,1.31,-0.25,10.84,1.12,0.43
4.649,0.18,2.49,-0.11,9.48,2.7,-1.42,1,0.6,-0.26,1.65,6.25,-1.6,-1.65,-0.55,-0.16,-2.08,-11.68,8.78,-0.33,1.38,0.33,9.02,6.73,-2.06
4.661,0.16,2.59,-0.16,9.35,1.89,-2.74,1.57,1.21,-0.24,0.38,5.96,-2.65,-1.17,-0.16,-0.03,-3.33,-9.76,10.07,-0.74,0.25,0.56,5.36,11.25,0.81
4.672,0.39,2.75,-0.24,7.23,2.79,-6.21,1.73,1.53,-0.29,-1.24,2.96,-1.91,-1.01,0.4,0.05,-7.01,-10.43,10.22,-0.98,-0.52,0.54,4.28,13.18,1.15
4.684,0.72,2.96,-0.3,3.96,2.26,-10.44,1.71,1.68,-0.32,-1.42,1.53,3.03,-0.67,0.98,0.22,-8.38,-8.93,10.81,-0.96,-0.87,0.6,4.34,15.27,1.47
4.699,1.33,2.9,-0.27,6.46,0.89,-17.13,1.43,1.73,-0.31,-0.2,-4.34,8.88,-0.42,1.03,0.25,-9.59,-8.02,11.4,-0.7,-0.78,0.43,5.03,12.44,2.34
4.711,1.27,2.61,-0.31,5.76,1.67,-15.26,0.04,2.25,-0.1,1.15,-4.5,-3.36,-0.21,0.89,0.22,-11.03,-7.84,12.44,0.27,-0.08,0.22,7.13,14.86,1.14
4.722,1.02,2.1,-0.4,3.75,3.29,-12.39,-0.65,2.57,-0.05,5.01,0.46,-10.94,-0.14,0.53,0.03,-10.82,-8.86,14.53,0.69,0.12,-0.01,7.65,16.11,2.32
4.734,0.53,1.3,-0.44,2.79,5.53,-4.07,-1.13,2.61,0,8.85,4.13,-19.73,0.11,-0.2,-0.23,-11.11,-9.64,15.68,0.92,0.08,-0.18,8.18,16.38,3.77
4.749,-0.42,-0.41,0,4.75,3.3,-2.69,-1.13,2.37,0.06,13.81,7.73,-30.55,0.52,-0.5,-0.22,-11.4,-9.57,17.26,0.91,-0.31,-0.18,8.94,17.09,5.38
4.761,-0.47,-1.26,0.22,7.34,1.23,-3.31,-0.41,0.88,0.12,16.04,4.13,-11.48,1.08,-0.67,-0.18,-11.69,-9.44,18.54,0.05,-1.41,-0.13,6.75,14.47,5.67
4.772,-0.14,-1.57,0.38,9.42,-0.37,-6.67,-0.62,-0.06,0.16,10.6,-2.68,-1.32,2.04,-0.72,-0.1,-11.13,-6.76,19.88,0.3,-1.95,-0.36,8.02,13.14,5.05
4.785,0.37,-1.35,0.55,9.06,3.42,3.74,-0.95,-0.28,0.18,6.59,5.98,-3.53,1.53,0.57,-0.01,-8.47,-9.6,-3.91,0.86,-2.24,-0.79,8.78,11.56,3.57
4.799,-0.15,-0.95,0.57,6.8,3.71,6.57,-1.3,-0.43,0.15,6.23,6.76,2.17,1.03,0.32,0.08,-5.15,-10.52,-12.48,0.96,-2.18,-1.09,4.5,-1.37,-3.85
4.811,-0.47,-1.2,0.61,6.92,4.38,8.38,-1.52,-1.09,-0.18,2.59,9.1,5.34,0.88,0.1,0.11,-2.47,-11.02,-15.85,1.35,-1.03,-1.18,1.32,-5.55,-8.47
4.823,-0.56,-1.34,0.76,7.92,4.01,9.67,-1.16,-0.78,-0.31,2.39,11.53,5.28,0.04,-0.03,0.15,1.73,-4.51,-24.19,1.44,0.08,-1.16,-0.3,-9.3,-11.01
